Workbook
Name SegmentaçãodeDados_ANO: #N/A
Name SegmentaçãodeDados_CATEGORIA: #N/A
Name SegmentaçãodeDados_ITEM: #N/A
Name SegmentaçãodeDados_MÊS: #N/A
Name SegmentaçãodeDados_RETIRADA: #N/A
Name SegmentaçãodeDados_SEMANA: #N/A
Name Timeline_DATA: #N/A

Sheet BASE
B3: DATA | C3: COMANDA | D3: ID_ITEM | E3: RETIRADA | F3: FORMA DE PAGAMENTO | G3: CATEGORIA | H3: ITEM | I3: QUANTIDADE | J3: TIPO DE VALOR | K3: VALOR | L3: MÊS | M3: SEMANA | N3: ANO
B4: 45013 | C4: 12030 | D4: =COUNTIF(C$4:C4,Tabela3[[#This Row],[COMANDA]]) -> 1 | E4: PRATO | F4: PIX | G4: REFEIÇÃO | H4: Hambúrguer | I4: 1 | J4: PREÇO1 | K4: =INDEX(LISTAS!$H:$Q,MATCH(BASE!H4,LISTAS!$G:$G,0),MATCH(BASE!J4,LISTAS!$H$3:$Q$3,0))*Tabela3[[#This Row],[QUANTIDADE]] -> 14 | L4: =TEXT(Tabela3[[#This Row],[DATA]],"MM") -> 03 | M4: =WEEKNUM(Tabela3[[#This Row],[DATA]]) -> 13 | N4: =YEAR(Tabela3[[#This Row],[DATA]]) -> 2023
B5: 45013 | C5: 12031 | D5: =COUNTIF(C$4:C5,Tabela3[[#This Row],[COMANDA]]) -> 1 | E5: MARMITA | F5: Dinheiro | G5: REFEIÇÃO | H5: Linguiça | I5: 1 | J5: PREÇO1 | K5: =INDEX(LISTAS!$H:$Q,MATCH(BASE!H5,LISTAS!$G:$G,0),MATCH(BASE!J5,LISTAS!$H$3:$Q$3,0))*Tabela3[[#This Row],[QUANTIDADE]] -> 16 | L5: =TEXT(Tabela3[[#This Row],[DATA]],"MM") -> 03 | M5: =WEEKNUM(Tabela3[[#This Row],[DATA]]) -> 13 | N5: =YEAR(Tabela3[[#This Row],[DATA]]) -> 2023
B6: 45013 | C6: 12031 | D6: =COUNTIF(C$4:C6,Tabela3[[#This Row],[COMANDA]]) -> 2 | E6: MARMITA | F6: Dinheiro | G6: BEBIDA | H6: Guaraná lata | I6: 1 | J6: PREÇO1 | K6: =INDEX(LISTAS!$H:$Q,MATCH(BASE!H6,LISTAS!$G:$G,0),MATCH(BASE!J6,LISTAS!$H$3:$Q$3,0))*Tabela3[[#This Row],[QUANTIDADE]] -> 4 | L6: =TEXT(Tabela3[[#This Row],[DATA]],"MM") -> 03 | M6: =WEEKNUM(Tabela3[[#This Row],[DATA]]) -> 13 | N6: =YEAR(Tabela3[[#This Row],[DATA]]) -> 2023
B7: 45013 | C7: 12032 | D7: =COUNTIF(C$4:C7,Tabela3[[#This Row],[COMANDA]]) -> 1 | E7: MARMITA | F7: Débito | G7: REFEIÇÃO | H7: Hambúrguer | I7: 1 | J7: PREÇO1 | K7: =INDEX(LISTAS!$H:$Q,MATCH(BASE!H7,LISTAS!$G:$G,0),MATCH(BASE!J7,LISTAS!$H$3:$Q$3,0))*Tabela3[[#This Row],[QUANTIDADE]] -> 14 | L7: =TEXT(Tabela3[[#This Row],[DATA]],"MM") -> 03 | M7: =WEEKNUM(Tabela3[[#This Row],[DATA]]) -> 13 | N7: =YEAR(Tabela3[[#This Row],[DATA]]) -> 2023
B8: 45013 | C8: 12033 | D8: =COUNTIF(C$4:C8,Tabela3[[#This Row],[COMANDA]]) -> 1 | E8: MARMITA | F8: Débito | G8: REFEIÇÃO | H8: Do dia | I8: 1 | J8: PREÇO1 | K8: =INDEX(LISTAS!$H:$Q,MATCH(BASE!H8,LISTAS!$G:$G,0),MATCH(BASE!J8,LISTAS!$H$3:$Q$3,0))*Tabela3[[#This Row],[QUANTIDADE]] -> 16 | L8: =TEXT(Tabela3[[#This Row],[DATA]],"MM") -> 03 | M8: =WEEKNUM(Tabela3[[#This Row],[DATA]]) -> 13 | N8: =YEAR(Tabela3[[#This Row],[DATA]]) -> 2023
B9: 45013 | C9: 12033 | D9: =COUNTIF(C$4:C9,Tabela3[[#This Row],[COMANDA]]) -> 2 | E9: MARMITA | F9: Débito | G9: ADICIONAIS | H9: Fritas Adicional | I9: 1 | J9: PREÇO1 | K9: =INDEX(LISTAS!$H:$Q,MATCH(BASE!H9,LISTAS!$G:$G,0),MATCH(BASE!J9,LISTAS!$H$3:$Q$3,0))*Tabela3[[#This Row],[QUANTIDADE]] -> 4 | L9: =TEXT(Tabela3[[#This Row],[DATA]],"MM") -> 03 | M9: =WEEKNUM(Tabela3[[#This Row],[DATA]]) -> 13 | N9: =YEAR(Tabela3[[#This Row],[DATA]]) -> 2023
B10: 45013 | C10: 12034 | D10: =COUNTIF(C$4:C10,Tabela3[[#This Row],[COMANDA]]) -> 1 | E10: PRATO | F10: Débito | G10: REFEIÇÃO | H10: Vegetariano | I10: 1 | J10: PREÇO1 | K10: =INDEX(LISTAS!$H:$Q,MATCH(BASE!H10,LISTAS!$G:$G,0),MATCH(BASE!J10,LISTAS!$H$3:$Q$3,0))*Tabela3[[#This Row],[QUANTIDADE]] -> 12 | L10: =TEXT(Tabela3[[#This Row],[DATA]],"MM") -> 03 | M10: =WEEKNUM(Tabela3[[#This Row],[DATA]]) -> 13 | N10: =YEAR(Tabela3[[#This Row],[DATA]]) -> 2023
B11: 45013 | C11: 12035 | D11: =COUNTIF(C$4:C11,Tabela3[[#This Row],[COMANDA]]) -> 1 | E11: PRATO | F11: PIX | G11: REFEIÇÃO | H11: Bife acebolado | I11: 1 | J11: PREÇO1 | K11: =INDEX(LISTAS!$H:$Q,MATCH(BASE!H11,LISTAS!$G:$G,0),MATCH(BASE!J11,LISTAS!$H$3:$Q$3,0))*Tabela3[[#This Row],[QUANTIDADE]] -> 20 | L11: =TEXT(Tabela3[[#This Row],[DATA]],"MM") -> 03 | M11: =WEEKNUM(Tabela3[[#This Row],[DATA]]) -> 13 | N11: =YEAR(Tabela3[[#This Row],[DATA]]) -> 2023
B12: 45013 | C12: 12035 | D12: =COUNTIF(C$4:C12,Tabela3[[#This Row],[COMANDA]]) -> 2 | E12: PRATO | F12: PIX | G12: LANCHES | H12: Salgado | I12: 1 | J12: PREÇO1 | K12: =INDEX(LISTAS!$H:$Q,MATCH(BASE!H12,LISTAS!$G:$G,0),MATCH(BASE!J12,LISTAS!$H$3:$Q$3,0))*Tabela3[[#This Row],[QUANTIDADE]] -> 6 | L12: =TEXT(Tabela3[[#This Row],[DATA]],"MM") -> 03 | M12: =WEEKNUM(Tabela3[[#This Row],[DATA]]) -> 13 | N12: =YEAR(Tabela3[[#This Row],[DATA]]) -> 2023
B13: 45013 | C13: 12036 | D13: =COUNTIF(C$4:C13,Tabela3[[#This Row],[COMANDA]]) -> 1 | E13: PRATO | F13: Crédito | G13: REFEIÇÃO | H13: Bife acebolado | I13: 1 | J13: PREÇO1 | K13: =INDEX(LISTAS!$H:$Q,MATCH(BASE!H13,LISTAS!$G:$G,0),MATCH(BASE!J13,LISTAS!$H$3:$Q$3,0))*Tabela3[[#This Row],[QUANTIDADE]] -> 20 | L13: =TEXT(Tabela3[[#This Row],[DATA]],"MM") -> 03 | M13: =WEEKNUM(Tabela3[[#This Row],[DATA]]) -> 13 | N13: =YEAR(Tabela3[[#This Row],[DATA]]) -> 2023
B14: 45013 | C14: 12037 | D14: =COUNTIF(C$4:C14,Tabela3[[#This Row],[COMANDA]]) -> 1 | E14: PRATO | F14: PIX | G14: REFEIÇÃO | H14: Bife acebolado | I14: 1 | J14: Preço2 | K14: =INDEX(LISTAS!$H:$Q,MATCH(BASE!H14,LISTAS!$G:$G,0),MATCH(BASE!J14,LISTAS!$H$3:$Q$3,0))*Tabela3[[#This Row],[QUANTIDADE]] -> 18 | L14: =TEXT(Tabela3[[#This Row],[DATA]],"MM") -> 03 | M14: =WEEKNUM(Tabela3[[#This Row],[DATA]]) -> 13 | N14: =YEAR(Tabela3[[#This Row],[DATA]]) -> 2023
B15: 45013 | C15: 12038 | D15: =COUNTIF(C$4:C15,Tabela3[[#This Row],[COMANDA]]) -> 1 | E15: PRATO | F15: Débito | G15: REFEIÇÃO | H15: Linguiça | I15: 1 | J15: PREÇO1 | K15: =INDEX(LISTAS!$H:$Q,MATCH(BASE!H15,LISTAS!$G:$G,0),MATCH(BASE!J15,LISTAS!$H$3:$Q$3,0))*Tabela3[[#This Row],[QUANTIDADE]] -> 16 | L15: =TEXT(Tabela3[[#This Row],[DATA]],"MM") -> 03 | M15: =WEEKNUM(Tabela3[[#This Row],[DATA]]) -> 13 | N15: =YEAR(Tabela3[[#This Row],[DATA]]) -> 2023
... B59: 45013 | C59: 12059 | D59: =COUNTIF(C$4:C59,Tabela3[[#This Row],[COMANDA]]) -> 1 | E59: PRATO | F59: Débito | G59: REFEIÇÃO | H59: Bife acebolado | I59: 1 | J59: PREÇO1 | K59: =INDEX(LISTAS!$H:$Q,MATCH(BASE!H59,LISTAS!$G:$G,0),MATCH(BASE!J59,LISTAS!$H$3:$Q$3,0))*Tabela3[[#This Row],[QUANTIDADE]] -> 20 | L59: =TEXT(Tabela3[[#This Row],[DATA]],"MM") -> 03 | M59: =WEEKNUM(Tabela3[[#This Row],[DATA]]) -> 13 | N59: =YEAR(Tabela3[[#This Row],[DATA]]) -> 2023
B60: 45013 | C60: 12060 | D60: =COUNTIF(C$4:C60,Tabela3[[#This Row],[COMANDA]]) -> 1 | E60: PRATO | G60: REFEIÇÃO | H60: Bife acebolado | I60: 1 | J60: PREÇO1 | K60: =INDEX(LISTAS!$H:$Q,MATCH(BASE!H60,LISTAS!$G:$G,0),MATCH(BASE!J60,LISTAS!$H$3:$Q$3,0))*Tabela3[[#This Row],[QUANTIDADE]] -> 20 | L60: =TEXT(Tabela3[[#This Row],[DATA]],"MM") -> 03 | M60: =WEEKNUM(Tabela3[[#This Row],[DATA]]) -> 13 | N60: =YEAR(Tabela3[[#This Row],[DATA]]) -> 2023
B61: 45013 | C61: 12060 | D61: =COUNTIF(C$4:C61,Tabela3[[#This Row],[COMANDA]]) -> 2 | E61: PRATO | G61: BEBIDA | H61: Coca lata | I61: 1 | J61: PREÇO1 | K61: =INDEX(LISTAS!$H:$Q,MATCH(BASE!H61,LISTAS!$G:$G,0),MATCH(BASE!J61,LISTAS!$H$3:$Q$3,0))*Tabela3[[#This Row],[QUANTIDADE]] -> 4 | L61: =TEXT(Tabela3[[#This Row],[DATA]],"MM") -> 03 | M61: =WEEKNUM(Tabela3[[#This Row],[DATA]]) -> 13 | N61: =YEAR(Tabela3[[#This Row],[DATA]]) -> 2023
B62: 45013 | C62: 12061 | D62: =COUNTIF(C$4:C62,Tabela3[[#This Row],[COMANDA]]) -> 1 | E62: PRATO | F62: Crédito | G62: REFEIÇÃO | H62: Strog de frango | I62: 1 | J62: PREÇO1 | K62: =INDEX(LISTAS!$H:$Q,MATCH(BASE!H62,LISTAS!$G:$G,0),MATCH(BASE!J62,LISTAS!$H$3:$Q$3,0))*Tabela3[[#This Row],[QUANTIDADE]] -> 18 | L62: =TEXT(Tabela3[[#This Row],[DATA]],"MM") -> 03 | M62: =WEEKNUM(Tabela3[[#This Row],[DATA]]) -> 13 | N62: =YEAR(Tabela3[[#This Row],[DATA]]) -> 2023
B63: 45013 | C63: 12061 | D63: =COUNTIF(C$4:C63,Tabela3[[#This Row],[COMANDA]]) -> 2 | E63: PRATO | F63: Crédito | G63: BEBIDA | H63: Coca 600 | I63: 1 | J63: PREÇO1 | K63: =INDEX(LISTAS!$H:$Q,MATCH(BASE!H63,LISTAS!$G:$G,0),MATCH(BASE!J63,LISTAS!$H$3:$Q$3,0))*Tabela3[[#This Row],[QUANTIDADE]] -> 6 | L63: =TEXT(Tabela3[[#This Row],[DATA]],"MM") -> 03 | M63: =WEEKNUM(Tabela3[[#This Row],[DATA]]) -> 13 | N63: =YEAR(Tabela3[[#This Row],[DATA]]) -> 2023
B64: 45013 | C64: 12061 | D64: =COUNTIF(C$4:C64,Tabela3[[#This Row],[COMANDA]]) -> 3 | E64: PRATO | F64: Crédito | G64: BEBIDA | H64: Água | I64: 1 | J64: PREÇO1 | K64: =INDEX(LISTAS!$H:$Q,MATCH(BASE!H64,LISTAS!$G:$G,0),MATCH(BASE!J64,LISTAS!$H$3:$Q$3,0))*Tabela3[[#This Row],[QUANTIDADE]] -> 3 | L64: =TEXT(Tabela3[[#This Row],[DATA]],"MM") -> 03 | M64: =WEEKNUM(Tabela3[[#This Row],[DATA]]) -> 13 | N64: =YEAR(Tabela3[[#This Row],[DATA]]) -> 2023
B65: 45013 | C65: 12062 | D65: =COUNTIF(C$4:C65,Tabela3[[#This Row],[COMANDA]]) -> 1 | E65: PRATO | F65: Crédito | G65: REFEIÇÃO | H65: Do dia | I65: 1 | J65: PREÇO1 | K65: =INDEX(LISTAS!$H:$Q,MATCH(BASE!H65,LISTAS!$G:$G,0),MATCH(BASE!J65,LISTAS!$H$3:$Q$3,0))*Tabela3[[#This Row],[QUANTIDADE]] -> 16 | L65: =TEXT(Tabela3[[#This Row],[DATA]],"MM") -> 03 | M65: =WEEKNUM(Tabela3[[#This Row],[DATA]]) -> 13 | N65: =YEAR(Tabela3[[#This Row],[DATA]]) -> 2023
B66: 45013 | C66: 12062 | D66: =COUNTIF(C$4:C66,Tabela3[[#This Row],[COMANDA]]) -> 2 | E66: PRATO | F66: Crédito | G66: ADICIONAIS | H66: Linguiça Adicional | I66: 1 | J66: PREÇO1 | K66: =INDEX(LISTAS!$H:$Q,MATCH(BASE!H66,LISTAS!$G:$G,0),MATCH(BASE!J66,LISTAS!$H$3:$Q$3,0))*Tabela3[[#This Row],[QUANTIDADE]] -> 3 | L66: =TEXT(Tabela3[[#This Row],[DATA]],"MM") -> 03 | M66: =WEEKNUM(Tabela3[[#This Row],[DATA]]) -> 13 | N66: =YEAR(Tabela3[[#This Row],[DATA]]) -> 2023
B67: 45013 | C67: 12064 | D67: =COUNTIF(C$4:C67,Tabela3[[#This Row],[COMANDA]]) -> 1 | E67: PRATO | F67: Débito | G67: REFEIÇÃO | H67: Strog de frango | I67: 1 | J67: PREÇO1 | K67: =INDEX(LISTAS!$H:$Q,MATCH(BASE!H67,LISTAS!$G:$G,0),MATCH(BASE!J67,LISTAS!$H$3:$Q$3,0))*Tabela3[[#This Row],[QUANTIDADE]] -> 18 | L67: =TEXT(Tabela3[[#This Row],[DATA]],"MM") -> 03 | M67: =WEEKNUM(Tabela3[[#This Row],[DATA]]) -> 13 | N67: =YEAR(Tabela3[[#This Row],[DATA]]) -> 2023
B68: 45013 | C68: 12065 | D68: =COUNTIF(C$4:C68,Tabela3[[#This Row],[COMANDA]]) -> 1 | E68: PRATO | F68: Débito | G68: REFEIÇÃO | H68: Frango grelhado | I68: 1 | J68: PREÇO1 | K68: =INDEX(LISTAS!$H:$Q,MATCH(BASE!H68,LISTAS!$G:$G,0),MATCH(BASE!J68,LISTAS!$H$3:$Q$3,0))*Tabela3[[#This Row],[QUANTIDADE]] -> 18 | L68: =TEXT(Tabela3[[#This Row],[DATA]],"MM") -> 03 | M68: =WEEKNUM(Tabela3[[#This Row],[DATA]]) -> 13 | N68: =YEAR(Tabela3[[#This Row],[DATA]]) -> 2023
B69: 45013 | C69: 12066 | D69: =COUNTIF(C$4:C69,Tabela3[[#This Row],[COMANDA]]) -> 1 | E69: PRATO | F69: Dinheiro | G69: REFEIÇÃO | H69: Vegetariano | I69: 1 | J69: PREÇO1 | K69: =INDEX(LISTAS!$H:$Q,MATCH(BASE!H69,LISTAS!$G:$G,0),MATCH(BASE!J69,LISTAS!$H$3:$Q$3,0))*Tabela3[[#This Row],[QUANTIDADE]] -> 12 | L69: =TEXT(Tabela3[[#This Row],[DATA]],"MM") -> 03 | M69: =WEEKNUM(Tabela3[[#This Row],[DATA]]) -> 13 | N69: =YEAR(Tabela3[[#This Row],[DATA]]) -> 2023
B70: 45013 | C70: 12066 | D70: =COUNTIF(C$4:C70,Tabela3[[#This Row],[COMANDA]]) -> 2 | E70: PRATO | F70: Dinheiro | G70: BEBIDA | H70: Prats | I70: 1 | J70: PREÇO1 | K70: =INDEX(LISTAS!$H:$Q,MATCH(BASE!H70,LISTAS!$G:$G,0),MATCH(BASE!J70,LISTAS!$H$3:$Q$3,0))*Tabela3[[#This Row],[QUANTIDADE]] -> 5 | L70: =TEXT(Tabela3[[#This Row],[DATA]],"MM") -> 03 | M70: =WEEKNUM(Tabela3[[#This Row],[DATA]]) -> 13 | N70: =YEAR(Tabela3[[#This Row],[DATA]]) -> 2023
B71: 45013 | C71: 12067 | D71: =COUNTIF(C$4:C71,Tabela3[[#This Row],[COMANDA]]) -> 1 | E71: PRATO | F71: Débito | G71: REFEIÇÃO | H71: Bisteca | I71: 1 | J71: PREÇO1 | K71: =INDEX(LISTAS!$H:$Q,MATCH(BASE!H71,LISTAS!$G:$G,0),MATCH(BASE!J71,LISTAS!$H$3:$Q$3,0))*Tabela3[[#This Row],[QUANTIDADE]] -> 18 | L71: =TEXT(Tabela3[[#This Row],[DATA]],"MM") -> 03 | M71: =WEEKNUM(Tabela3[[#This Row],[DATA]]) -> 13 | N71: =YEAR(Tabela3[[#This Row],[DATA]]) -> 2023
B72: 45013 | C72: 12067 | D72: =COUNTIF(C$4:C72,Tabela3[[#This Row],[COMANDA]]) -> 2 | E72: PRATO | F72: Débito | G72: ADICIONAIS | H72: Ovo Adicional | I72: 2 | J72: PREÇO1 | K72: =INDEX(LISTAS!$H:$Q,MATCH(BASE!H72,LISTAS!$G:$G,0),MATCH(BASE!J72,LISTAS!$H$3:$Q$3,0))*Tabela3[[#This Row],[QUANTIDADE]] -> 2 | L72: =TEXT(Tabela3[[#This Row],[DATA]],"MM") -> 03 | M72: =WEEKNUM(Tabela3[[#This Row],[DATA]]) -> 13 | N72: =YEAR(Tabela3[[#This Row],[DATA]]) -> 2023
B73: 45013 | C73: 12067 | D73: =COUNTIF(C$4:C73,Tabela3[[#This Row],[COMANDA]]) -> 3 | E73: PRATO | F73: Débito | G73: BEBIDA | H73: Coca Z mine | I73: 1 | J73: PREÇO1 | K73: =INDEX(LISTAS!$H:$Q,MATCH(BASE!H73,LISTAS!$G:$G,0),MATCH(BASE!J73,LISTAS!$H$3:$Q$3,0))*Tabela3[[#This Row],[QUANTIDADE]] -> 3 | L73: =TEXT(Tabela3[[#This Row],[DATA]],"MM") -> 03 | M73: =WEEKNUM(Tabela3[[#This Row],[DATA]]) -> 13 | N73: =YEAR(Tabela3[[#This Row],[DATA]]) -> 2023
... B87: 45013 | C87: 12075 | D87: =COUNTIF(C$4:C87,Tabela3[[#This Row],[COMANDA]]) -> 2 | E87: PRATO | F87: Débito | G87: REFEIÇÃO | H87: Frango empanado | I87: 1 | J87: PREÇO1 | K87: =INDEX(LISTAS!$H:$Q,MATCH(BASE!H87,LISTAS!$G:$G,0),MATCH(BASE!J87,LISTAS!$H$3:$Q$3,0))*Tabela3[[#This Row],[QUANTIDADE]] -> 20 | L87: =TEXT(Tabela3[[#This Row],[DATA]],"MM") -> 03 | M87: =WEEKNUM(Tabela3[[#This Row],[DATA]]) -> 13 | N87: =YEAR(Tabela3[[#This Row],[DATA]]) -> 2023
B88: 45013 | C88: 12076 | D88: =COUNTIF(C$4:C88,Tabela3[[#This Row],[COMANDA]]) -> 1 | E88: PRATO | G88: REFEIÇÃO | H88: Steak | I88: 3 | J88: PREÇO1 | K88: =INDEX(LISTAS!$H:$Q,MATCH(BASE!H88,LISTAS!$G:$G,0),MATCH(BASE!J88,LISTAS!$H$3:$Q$3,0))*Tabela3[[#This Row],[QUANTIDADE]] -> 42 | L88: =TEXT(Tabela3[[#This Row],[DATA]],"MM") -> 03 | M88: =WEEKNUM(Tabela3[[#This Row],[DATA]]) -> 13 | N88: =YEAR(Tabela3[[#This Row],[DATA]]) -> 2023
B89: 45013 | C89: 12076 | D89: =COUNTIF(C$4:C89,Tabela3[[#This Row],[COMANDA]]) -> 2 | E89: PRATO | G89: REFEIÇÃO | H89: Frango empanado | I89: 1 | J89: PREÇO1 | K89: =INDEX(LISTAS!$H:$Q,MATCH(BASE!H89,LISTAS!$G:$G,0),MATCH(BASE!J89,LISTAS!$H$3:$Q$3,0))*Tabela3[[#This Row],[QUANTIDADE]] -> 20 | L89: =TEXT(Tabela3[[#This Row],[DATA]],"MM") -> 03 | M89: =WEEKNUM(Tabela3[[#This Row],[DATA]]) -> 13 | N89: =YEAR(Tabela3[[#This Row],[DATA]]) -> 2023
B90: 45013 | C90: 12077 | D90: =COUNTIF(C$4:C90,Tabela3[[#This Row],[COMANDA]]) -> 1 | E90: MARMITA | F90: Débito | G90: REFEIÇÃO | H90: Frango grelhado | I90: 1 | J90: PREÇO1 | K90: =INDEX(LISTAS!$H:$Q,MATCH(BASE!H90,LISTAS!$G:$G,0),MATCH(BASE!J90,LISTAS!$H$3:$Q$3,0))*Tabela3[[#This Row],[QUANTIDADE]] -> 18 | L90: =TEXT(Tabela3[[#This Row],[DATA]],"MM") -> 03 | M90: =WEEKNUM(Tabela3[[#This Row],[DATA]]) -> 13 | N90: =YEAR(Tabela3[[#This Row],[DATA]]) -> 2023
B91: 45013 | C91: 12077 | D91: =COUNTIF(C$4:C91,Tabela3[[#This Row],[COMANDA]]) -> 2 | E91: MARMITA | F91: Crédito | G91: REFEIÇÃO | H91: Bife acebolado | I91: 1 | J91: PREÇO1 | K91: =INDEX(LISTAS!$H:$Q,MATCH(BASE!H91,LISTAS!$G:$G,0),MATCH(BASE!J91,LISTAS!$H$3:$Q$3,0))*Tabela3[[#This Row],[QUANTIDADE]] -> 20 | L91: =TEXT(Tabela3[[#This Row],[DATA]],"MM") -> 03 | M91: =WEEKNUM(Tabela3[[#This Row],[DATA]]) -> 13 | N91: =YEAR(Tabela3[[#This Row],[DATA]]) -> 2023
B92: 45013 | C92: 12077 | D92: =COUNTIF(C$4:C92,Tabela3[[#This Row],[COMANDA]]) -> 3 | E92: MARMITA | F92: Crédito | G92: BEBIDA | H92: Coca Z lata | I92: 1 | J92: PREÇO1 | K92: =INDEX(LISTAS!$H:$Q,MATCH(BASE!H92,LISTAS!$G:$G,0),MATCH(BASE!J92,LISTAS!$H$3:$Q$3,0))*Tabela3[[#This Row],[QUANTIDADE]] -> 4 | L92: =TEXT(Tabela3[[#This Row],[DATA]],"MM") -> 03 | M92: =WEEKNUM(Tabela3[[#This Row],[DATA]]) -> 13 | N92: =YEAR(Tabela3[[#This Row],[DATA]]) -> 2023
B93: 45013 | C93: 12078 | D93: =COUNTIF(C$4:C93,Tabela3[[#This Row],[COMANDA]]) -> 1 | E93: PRATO | F93: Débito | G93: REFEIÇÃO | H93: Frango grelhado | I93: 1 | J93: PREÇO1 | K93: =INDEX(LISTAS!$H:$Q,MATCH(BASE!H93,LISTAS!$G:$G,0),MATCH(BASE!J93,LISTAS!$H$3:$Q$3,0))*Tabela3[[#This Row],[QUANTIDADE]] -> 18 | L93: =TEXT(Tabela3[[#This Row],[DATA]],"MM") -> 03 | M93: =WEEKNUM(Tabela3[[#This Row],[DATA]]) -> 13 | N93: =YEAR(Tabela3[[#This Row],[DATA]]) -> 2023
B94: 45013 | C94: 12079 | D94: =COUNTIF(C$4:C94,Tabela3[[#This Row],[COMANDA]]) -> 1 | E94: PRATO | F94: Crédito | G94: REFEIÇÃO | H94: Linguiça | I94: 1 | J94: PREÇO1 | K94: =INDEX(LISTAS!$H:$Q,MATCH(BASE!H94,LISTAS!$G:$G,0),MATCH(BASE!J94,LISTAS!$H$3:$Q$3,0))*Tabela3[[#This Row],[QUANTIDADE]] -> 16 | L94: =TEXT(Tabela3[[#This Row],[DATA]],"MM") -> 03 | M94: =WEEKNUM(Tabela3[[#This Row],[DATA]]) -> 13 | N94: =YEAR(Tabela3[[#This Row],[DATA]]) -> 2023
B95: 45013 | C95: 12079 | D95: =COUNTIF(C$4:C95,Tabela3[[#This Row],[COMANDA]]) -> 2 | E95: PRATO | F95: Crédito | G95: REFEIÇÃO | H95: Frango grelhado | I95: 1 | J95: PREÇO1 | K95: =INDEX(LISTAS!$H:$Q,MATCH(BASE!H95,LISTAS!$G:$G,0),MATCH(BASE!J95,LISTAS!$H$3:$Q$3,0))*Tabela3[[#This Row],[QUANTIDADE]] -> 18 | L95: =TEXT(Tabela3[[#This Row],[DATA]],"MM") -> 03 | M95: =WEEKNUM(Tabela3[[#This Row],[DATA]]) -> 13 | N95: =YEAR(Tabela3[[#This Row],[DATA]]) -> 2023
B96: 45013 | C96: 12080 | D96: =COUNTIF(C$4:C96,Tabela3[[#This Row],[COMANDA]]) -> 1 | E96: PRATO | G96: REFEIÇÃO | H96: Vegetariano | I96: 1 | J96: PREÇO1 | K96: =INDEX(LISTAS!$H:$Q,MATCH(BASE!H96,LISTAS!$G:$G,0),MATCH(BASE!J96,LISTAS!$H$3:$Q$3,0))*Tabela3[[#This Row],[QUANTIDADE]] -> 12 | L96: =TEXT(Tabela3[[#This Row],[DATA]],"MM") -> 03 | M96: =WEEKNUM(Tabela3[[#This Row],[DATA]]) -> 13 | N96: =YEAR(Tabela3[[#This Row],[DATA]]) -> 2023
B97: 45013 | C97: 12081 | D97: =COUNTIF(C$4:C97,Tabela3[[#This Row],[COMANDA]]) -> 1 | E97: PRATO | F97: Débito | G97: REFEIÇÃO | H97: Frango grelhado | I97: 1 | J97: PREÇO1 | K97: =INDEX(LISTAS!$H:$Q,MATCH(BASE!H97,LISTAS!$G:$G,0),MATCH(BASE!J97,LISTAS!$H$3:$Q$3,0))*Tabela3[[#This Row],[QUANTIDADE]] -> 18 | L97: =TEXT(Tabela3[[#This Row],[DATA]],"MM") -> 03 | M97: =WEEKNUM(Tabela3[[#This Row],[DATA]]) -> 13 | N97: =YEAR(Tabela3[[#This Row],[DATA]]) -> 2023
B98: 45013 | C98: 12081 | D98: =COUNTIF(C$4:C98,Tabela3[[#This Row],[COMANDA]]) -> 2 | E98: PRATO | F98: Débito | G98: REFEIÇÃO | H98: Strog de frango | I98: 1 | J98: PREÇO1 | K98: =INDEX(LISTAS!$H:$Q,MATCH(BASE!H98,LISTAS!$G:$G,0),MATCH(BASE!J98,LISTAS!$H$3:$Q$3,0))*Tabela3[[#This Row],[QUANTIDADE]] -> 18 | L98: =TEXT(Tabela3[[#This Row],[DATA]],"MM") -> 03 | M98: =WEEKNUM(Tabela3[[#This Row],[DATA]]) -> 13 | N98: =YEAR(Tabela3[[#This Row],[DATA]]) -> 2023
B99: 45013 | C99: 12081 | D99: =COUNTIF(C$4:C99,Tabela3[[#This Row],[COMANDA]]) -> 3 | E99: PRATO | F99: Débito | G99: BEBIDA | H99: Pepsi | I99: 1 | J99: PREÇO1 | K99: =INDEX(LISTAS!$H:$Q,MATCH(BASE!H99,LISTAS!$G:$G,0),MATCH(BASE!J99,LISTAS!$H$3:$Q$3,0))*Tabela3[[#This Row],[QUANTIDADE]] -> 4 | L99: =TEXT(Tabela3[[#This Row],[DATA]],"MM") -> 03 | M99: =WEEKNUM(Tabela3[[#This Row],[DATA]]) -> 13 | N99: =YEAR(Tabela3[[#This Row],[DATA]]) -> 2023
B100: 45013 | C100: 12082 | D100: =COUNTIF(C$4:C100,Tabela3[[#This Row],[COMANDA]]) -> 1 | E100: PRATO | F100: Dinheiro | G100: REFEIÇÃO | H100: Linguiça | I100: 1 | J100: PREÇO1 | K100: =INDEX(LISTAS!$H:$Q,MATCH(BASE!H100,LISTAS!$G:$G,0),MATCH(BASE!J100,LISTAS!$H$3:$Q$3,0))*Tabela3[[#This Row],[QUANTIDADE]] -> 16 | L100: =TEXT(Tabela3[[#This Row],[DATA]],"MM") -> 03 | M100: =WEEKNUM(Tabela3[[#This Row],[DATA]]) -> 13 | N100: =YEAR(Tabela3[[#This Row],[DATA]]) -> 2023
B101: 45013 | C101: 12082 | D101: =COUNTIF(C$4:C101,Tabela3[[#This Row],[COMANDA]]) -> 2 | E101: PRATO | F101: Crédito | G101: REFEIÇÃO | H101: Linguiça | I101: 1 | J101: PREÇO1 | K101: =INDEX(LISTAS!$H:$Q,MATCH(BASE!H101,LISTAS!$G:$G,0),MATCH(BASE!J101,LISTAS!$H$3:$Q$3,0))*Tabela3[[#This Row],[QUANTIDADE]] -> 16 | L101: =TEXT(Tabela3[[#This Row],[DATA]],"MM") -> 03 | M101: =WEEKNUM(Tabela3[[#This Row],[DATA]]) -> 13 | N101: =YEAR(Tabela3[[#This Row],[DATA]]) -> 2023
B102: 45013 | C102: 12082 | D102: =COUNTIF(C$4:C102,Tabela3[[#This Row],[COMANDA]]) -> 3 | E102: PRATO | F102: Crédito | G102: BEBIDA | H102: Coca 600 | I102: 1 | J102: PREÇO1 | K102: =INDEX(LISTAS!$H:$Q,MATCH(BASE!H102,LISTAS!$G:$G,0),MATCH(BASE!J102,LISTAS!$H$3:$Q$3,0))*Tabela3[[#This Row],[QUANTIDADE]] -> 6 | L102: =TEXT(Tabela3[[#This Row],[DATA]],"MM") -> 03 | M102: =WEEKNUM(Tabela3[[#This Row],[DATA]]) -> 13 | N102: =YEAR(Tabela3[[#This Row],[DATA]]) -> 2023
B103: 45013 | C103: 12082 | D103: =COUNTIF(C$4:C103,Tabela3[[#This Row],[COMANDA]]) -> 4 | E103: PRATO | F103: Débito | G103: REFEIÇÃO | H103: Linguiça | I103: 1 | J103: PREÇO1 | K103: =INDEX(LISTAS!$H:$Q,MATCH(BASE!H103,LISTAS!$G:$G,0),MATCH(BASE!J103,LISTAS!$H$3:$Q$3,0))*Tabela3[[#This Row],[QUANTIDADE]] -> 16 | L103: =TEXT(Tabela3[[#This Row],[DATA]],"MM") -> 03 | M103: =WEEKNUM(Tabela3[[#This Row],[DATA]]) -> 13 | N103: =YEAR(Tabela3[[#This Row],[DATA]]) -> 2023
B104: 45013 | C104: 12083 | D104: =COUNTIF(C$4:C104,Tabela3[[#This Row],[COMANDA]]) -> 1 | E104: MARMITA | F104: Crédito | G104: REFEIÇÃO | H104: Macarrão | I104: 1 | J104: PREÇO1 | K104: =INDEX(LISTAS!$H:$Q,MATCH(BASE!H104,LISTAS!$G:$G,0),MATCH(BASE!J104,LISTAS!$H$3:$Q$3,0))*Tabela3[[#This Row],[QUANTIDADE]] -> 16 | L104: =TEXT(Tabela3[[#This Row],[DATA]],"MM") -> 03 | M104: =WEEKNUM(Tabela3[[#This Row],[DATA]]) -> 13 | N104: =YEAR(Tabela3[[#This Row],[DATA]]) -> 2023
B105: 45013 | C105: 12083 | D105: =COUNTIF(C$4:C105,Tabela3[[#This Row],[COMANDA]]) -> 2 | E105: MARMITA | F105: Crédito | G105: BEBIDA | H105: Coca lata | I105: 1 | J105: PREÇO1 | K105: =INDEX(LISTAS!$H:$Q,MATCH(BASE!H105,LISTAS!$G:$G,0),MATCH(BASE!J105,LISTAS!$H$3:$Q$3,0))*Tabela3[[#This Row],[QUANTIDADE]] -> 4 | L105: =TEXT(Tabela3[[#This Row],[DATA]],"MM") -> 03 | M105: =WEEKNUM(Tabela3[[#This Row],[DATA]]) -> 13 | N105: =YEAR(Tabela3[[#This Row],[DATA]]) -> 2023
B106: 45013 | C106: 12084 | D106: =COUNTIF(C$4:C106,Tabela3[[#This Row],[COMANDA]]) -> 1 | E106: PRATO | G106: REFEIÇÃO | H106: Frango grelhado | I106: 1 | J106: PREÇO1 | K106: =INDEX(LISTAS!$H:$Q,MATCH(BASE!H106,LISTAS!$G:$G,0),MATCH(BASE!J106,LISTAS!$H$3:$Q$3,0))*Tabela3[[#This Row],[QUANTIDADE]] -> 18 | L106: =TEXT(Tabela3[[#This Row],[DATA]],"MM") -> 03 | M106: =WEEKNUM(Tabela3[[#This Row],[DATA]]) -> 13 | N106: =YEAR(Tabela3[[#This Row],[DATA]]) -> 2023
B107: 45013 | C107: 12084 | D107: =COUNTIF(C$4:C107,Tabela3[[#This Row],[COMANDA]]) -> 2 | E107: PRATO | G107: BEBIDA | H107: Coca lata | I107: 1 | J107: PREÇO1 | K107: =INDEX(LISTAS!$H:$Q,MATCH(BASE!H107,LISTAS!$G:$G,0),MATCH(BASE!J107,LISTAS!$H$3:$Q$3,0))*Tabela3[[#This Row],[QUANTIDADE]] -> 4 | L107: =TEXT(Tabela3[[#This Row],[DATA]],"MM") -> 03 | M107: =WEEKNUM(Tabela3[[#This Row],[DATA]]) -> 13 | N107: =YEAR(Tabela3[[#This Row],[DATA]]) -> 2023
B108: 45013 | C108: 12085 | D108: =COUNTIF(C$4:C108,Tabela3[[#This Row],[COMANDA]]) -> 1 | E108: PRATO | F108: Crédito | G108: REFEIÇÃO | H108: Macarrão | I108: 1 | J108: PREÇO1 | K108: =INDEX(LISTAS!$H:$Q,MATCH(BASE!H108,LISTAS!$G:$G,0),MATCH(BASE!J108,LISTAS!$H$3:$Q$3,0))*Tabela3[[#This Row],[QUANTIDADE]] -> 16 | L108: =TEXT(Tabela3[[#This Row],[DATA]],"MM") -> 03 | M108: =WEEKNUM(Tabela3[[#This Row],[DATA]]) -> 13 | N108: =YEAR(Tabela3[[#This Row],[DATA]]) -> 2023
B109: 45013 | C109: 12085 | D109: =COUNTIF(C$4:C109,Tabela3[[#This Row],[COMANDA]]) -> 2 | E109: PRATO | F109: Crédito | G109: BEBIDA | H109: Coca Z lata | I109: 1 | J109: PREÇO1 | K109: =INDEX(LISTAS!$H:$Q,MATCH(BASE!H109,LISTAS!$G:$G,0),MATCH(BASE!J109,LISTAS!$H$3:$Q$3,0))*Tabela3[[#This Row],[QUANTIDADE]] -> 4 | L109: =TEXT(Tabela3[[#This Row],[DATA]],"MM") -> 03 | M109: =WEEKNUM(Tabela3[[#This Row],[DATA]]) -> 13 | N109: =YEAR(Tabela3[[#This Row],[DATA]]) -> 2023
B110: 45013 | C110: 12086 | D110: =COUNTIF(C$4:C110,Tabela3[[#This Row],[COMANDA]]) -> 1 | E110: PRATO | F110: Crédito | G110: REFEIÇÃO | H110: Strog de frango | I110: 1 | J110: PREÇO1 | K110: =INDEX(LISTAS!$H:$Q,MATCH(BASE!H110,LISTAS!$G:$G,0),MATCH(BASE!J110,LISTAS!$H$3:$Q$3,0))*Tabela3[[#This Row],[QUANTIDADE]] -> 18 | L110: =TEXT(Tabela3[[#This Row],[DATA]],"MM") -> 03 | M110: =WEEKNUM(Tabela3[[#This Row],[DATA]]) -> 13 | N110: =YEAR(Tabela3[[#This Row],[DATA]]) -> 2023
B111: 45013 | C111: 12087 | D111: =COUNTIF(C$4:C111,Tabela3[[#This Row],[COMANDA]]) -> 1 | E111: PRATO | F111: Débito | G111: REFEIÇÃO | H111: Linguiça | I111: 1 | J111: PREÇO1 | K111: =INDEX(LISTAS!$H:$Q,MATCH(BASE!H111,LISTAS!$G:$G,0),MATCH(BASE!J111,LISTAS!$H$3:$Q$3,0))*Tabela3[[#This Row],[QUANTIDADE]] -> 16 | L111: =TEXT(Tabela3[[#This Row],[DATA]],"MM") -> 03 | M111: =WEEKNUM(Tabela3[[#This Row],[DATA]]) -> 13 | N111: =YEAR(Tabela3[[#This Row],[DATA]]) -> 2023
B112: 45013 | C112: 12087 | D112: =COUNTIF(C$4:C112,Tabela3[[#This Row],[COMANDA]]) -> 2 | E112: PRATO | F112: Débito | G112: BEBIDA | H112: Coca 600 | I112: 1 | J112: PREÇO1 | K112: =INDEX(LISTAS!$H:$Q,MATCH(BASE!H112,LISTAS!$G:$G,0),MATCH(BASE!J112,LISTAS!$H$3:$Q$3,0))*Tabela3[[#This Row],[QUANTIDADE]] -> 6 | L112: =TEXT(Tabela3[[#This Row],[DATA]],"MM") -> 03 | M112: =WEEKNUM(Tabela3[[#This Row],[DATA]]) -> 13 | N112: =YEAR(Tabela3[[#This Row],[DATA]]) -> 2023
B113: 45013 | C113: 12088 | D113: =COUNTIF(C$4:C113,Tabela3[[#This Row],[COMANDA]]) -> 1 | E113: PRATO | F113: Crédito | G113: REFEIÇÃO | H113: Macarrão | I113: 1 | J113: PREÇO1 | K113: =INDEX(LISTAS!$H:$Q,MATCH(BASE!H113,LISTAS!$G:$G,0),MATCH(BASE!J113,LISTAS!$H$3:$Q$3,0))*Tabela3[[#This Row],[QUANTIDADE]] -> 16 | L113: =TEXT(Tabela3[[#This Row],[DATA]],"MM") -> 03 | M113: =WEEKNUM(Tabela3[[#This Row],[DATA]]) -> 13 | N113: =YEAR(Tabela3[[#This Row],[DATA]]) -> 2023
B114: 45013 | C114: 12089 | D114: =COUNTIF(C$4:C114,Tabela3[[#This Row],[COMANDA]]) -> 1 | E114: PRATO | F114: PIX | G114: REFEIÇÃO | H114: Bife acebolado | I114: 1 | J114: Preço2 | K114: =INDEX(LISTAS!$H:$Q,MATCH(BASE!H114,LISTAS!$G:$G,0),MATCH(BASE!J114,LISTAS!$H$3:$Q$3,0))*Tabela3[[#This Row],[QUANTIDADE]] -> 18 | L114: =TEXT(Tabela3[[#This Row],[DATA]],"MM") -> 03 | M114: =WEEKNUM(Tabela3[[#This Row],[DATA]]) -> 13 | N114: =YEAR(Tabela3[[#This Row],[DATA]]) -> 2023
B115: 45013 | C115: 12089 | D115: =COUNTIF(C$4:C115,Tabela3[[#This Row],[COMANDA]]) -> 2 | E115: MARMITA | F115: PIX | G115: REFEIÇÃO | H115: Strog de frango | I115: 1 | J115: Preço2 | K115: =INDEX(LISTAS!$H:$Q,MATCH(BASE!H115,LISTAS!$G:$G,0),MATCH(BASE!J115,LISTAS!$H$3:$Q$3,0))*Tabela3[[#This Row],[QUANTIDADE]] -> 16.2 | L115: =TEXT(Tabela3[[#This Row],[DATA]],"MM") -> 03 | M115: =WEEKNUM(Tabela3[[#This Row],[DATA]]) -> 13 | N115: =YEAR(Tabela3[[#This Row],[DATA]]) -> 2023
B116: 45013 | C116: 12090 | D116: =COUNTIF(C$4:C116,Tabela3[[#This Row],[COMANDA]]) -> 1 | E116: PRATO | F116: Crédito | G116: REFEIÇÃO | H116: Macarrão | I116: 1 | J116: PREÇO1 | K116: =INDEX(LISTAS!$H:$Q,MATCH(BASE!H116,LISTAS!$G:$G,0),MATCH(BASE!J116,LISTAS!$H$3:$Q$3,0))*Tabela3[[#This Row],[QUANTIDADE]] -> 16 | L116: =TEXT(Tabela3[[#This Row],[DATA]],"MM") -> 03 | M116: =WEEKNUM(Tabela3[[#This Row],[DATA]]) -> 13 | N116: =YEAR(Tabela3[[#This Row],[DATA]]) -> 2023
B117: 45013 | C117: 12090 | D117: =COUNTIF(C$4:C117,Tabela3[[#This Row],[COMANDA]]) -> 2 | E117: PRATO | F117: Crédito | G117: ADICIONAIS | H117: Ovo Adicional | I117: 1 | J117: PREÇO1 | K117: =INDEX(LISTAS!$H:$Q,MATCH(BASE!H117,LISTAS!$G:$G,0),MATCH(BASE!J117,LISTAS!$H$3:$Q$3,0))*Tabela3[[#This Row],[QUANTIDADE]] -> 1 | L117: =TEXT(Tabela3[[#This Row],[DATA]],"MM") -> 03 | M117: =WEEKNUM(Tabela3[[#This Row],[DATA]]) -> 13 | N117: =YEAR(Tabela3[[#This Row],[DATA]]) -> 2023
B118: 45013 | C118: 12090 | D118: =COUNTIF(C$4:C118,Tabela3[[#This Row],[COMANDA]]) -> 3 | E118: PRATO | F118: Crédito | G118: ADICIONAIS | H118: Frango Adicional | I118: 1 | J118: PREÇO1 | K118: =INDEX(LISTAS!$H:$Q,MATCH(BASE!H118,LISTAS!$G:$G,0),MATCH(BASE!J118,LISTAS!$H$3:$Q$3,0))*Tabela3[[#This Row],[QUANTIDADE]] -> 6 | L118: =TEXT(Tabela3[[#This Row],[DATA]],"MM") -> 03 | M118: =WEEKNUM(Tabela3[[#This Row],[DATA]]) -> 13 | N118: =YEAR(Tabela3[[#This Row],[DATA]]) -> 2023
B119: 45013 | C119: 12090 | D119: =COUNTIF(C$4:C119,Tabela3[[#This Row],[COMANDA]]) -> 4 | E119: PRATO | F119: Crédito | G119: BEBIDA | H119: Sprite lata | I119: 1 | J119: PREÇO1 | K119: =INDEX(LISTAS!$H:$Q,MATCH(BASE!H119,LISTAS!$G:$G,0),MATCH(BASE!J119,LISTAS!$H$3:$Q$3,0))*Tabela3[[#This Row],[QUANTIDADE]] -> 4 | L119: =TEXT(Tabela3[[#This Row],[DATA]],"MM") -> 03 | M119: =WEEKNUM(Tabela3[[#This Row],[DATA]]) -> 13 | N119: =YEAR(Tabela3[[#This Row],[DATA]]) -> 2023
... B149: 45013 | C149: 12107 | D149: =COUNTIF(C$4:C149,Tabela3[[#This Row],[COMANDA]]) -> 1 | E149: PRATO | F149: Débito | G149: REFEIÇÃO | H149: Hambúrguer | I149: 1 | J149: PREÇO1 | K149: =INDEX(LISTAS!$H:$Q,MATCH(BASE!H149,LISTAS!$G:$G,0),MATCH(BASE!J149,LISTAS!$H$3:$Q$3,0))*Tabela3[[#This Row],[QUANTIDADE]] -> 14 | L149: =TEXT(Tabela3[[#This Row],[DATA]],"MM") -> 03 | M149: =WEEKNUM(Tabela3[[#This Row],[DATA]]) -> 13 | N149: =YEAR(Tabela3[[#This Row],[DATA]]) -> 2023
B150: 45013 | C150: 12108 | D150: =COUNTIF(C$4:C150,Tabela3[[#This Row],[COMANDA]]) -> 1 | E150: PRATO | G150: REFEIÇÃO | H150: Do dia | I150: 1 | J150: PREÇO1 | K150: =INDEX(LISTAS!$H:$Q,MATCH(BASE!H150,LISTAS!$G:$G,0),MATCH(BASE!J150,LISTAS!$H$3:$Q$3,0))*Tabela3[[#This Row],[QUANTIDADE]] -> 16 | L150: =TEXT(Tabela3[[#This Row],[DATA]],"MM") -> 03 | M150: =WEEKNUM(Tabela3[[#This Row],[DATA]]) -> 13 | N150: =YEAR(Tabela3[[#This Row],[DATA]]) -> 2023
B151: 45013 | C151: 12108 | D151: =COUNTIF(C$4:C151,Tabela3[[#This Row],[COMANDA]]) -> 2 | E151: PRATO | G151: BEBIDA | H151: Guaraná lata | I151: 1 | J151: PREÇO1 | K151: =INDEX(LISTAS!$H:$Q,MATCH(BASE!H151,LISTAS!$G:$G,0),MATCH(BASE!J151,LISTAS!$H$3:$Q$3,0))*Tabela3[[#This Row],[QUANTIDADE]] -> 4 | L151: =TEXT(Tabela3[[#This Row],[DATA]],"MM") -> 03 | M151: =WEEKNUM(Tabela3[[#This Row],[DATA]]) -> 13 | N151: =YEAR(Tabela3[[#This Row],[DATA]]) -> 2023
B152: 45013 | C152: 12109 | D152: =COUNTIF(C$4:C152,Tabela3[[#This Row],[COMANDA]]) -> 1 | E152: PRATO | G152: REFEIÇÃO | H152: Frango empanado | I152: 1 | J152: PREÇO1 | K152: =INDEX(LISTAS!$H:$Q,MATCH(BASE!H152,LISTAS!$G:$G,0),MATCH(BASE!J152,LISTAS!$H$3:$Q$3,0))*Tabela3[[#This Row],[QUANTIDADE]] -> 20 | L152: =TEXT(Tabela3[[#This Row],[DATA]],"MM") -> 03 | M152: =WEEKNUM(Tabela3[[#This Row],[DATA]]) -> 13 | N152: =YEAR(Tabela3[[#This Row],[DATA]]) -> 2023
B153: 45013 | C153: 12110 | D153: =COUNTIF(C$4:C153,Tabela3[[#This Row],[COMANDA]]) -> 1 | E153: PRATO | G153: REFEIÇÃO | H153: Do dia | I153: 1 | J153: PREÇO1 | K153: =INDEX(LISTAS!$H:$Q,MATCH(BASE!H153,LISTAS!$G:$G,0),MATCH(BASE!J153,LISTAS!$H$3:$Q$3,0))*Tabela3[[#This Row],[QUANTIDADE]] -> 16 | L153: =TEXT(Tabela3[[#This Row],[DATA]],"MM") -> 03 | M153: =WEEKNUM(Tabela3[[#This Row],[DATA]]) -> 13 | N153: =YEAR(Tabela3[[#This Row],[DATA]]) -> 2023
B154: 45013 | C154: 12110 | D154: =COUNTIF(C$4:C154,Tabela3[[#This Row],[COMANDA]]) -> 2 | E154: PRATO | G154: BEBIDA | H154: Prats | I154: 1 | J154: PREÇO1 | K154: =INDEX(LISTAS!$H:$Q,MATCH(BASE!H154,LISTAS!$G:$G,0),MATCH(BASE!J154,LISTAS!$H$3:$Q$3,0))*Tabela3[[#This Row],[QUANTIDADE]] -> 5 | L154: =TEXT(Tabela3[[#This Row],[DATA]],"MM") -> 03 | M154: =WEEKNUM(Tabela3[[#This Row],[DATA]]) -> 13 | N154: =YEAR(Tabela3[[#This Row],[DATA]]) -> 2023
B155: 45013 | C155: L02803 | D155: =COUNTIF(C$4:C155,Tabela3[[#This Row],[COMANDA]]) -> 1 | E155: BALCÃO | G155: MISTO | H155: Sal c ovo | I155: 1 | J155: PREÇO1 | K155: =INDEX(LISTAS!$H:$Q,MATCH(BASE!H155,LISTAS!$G:$G,0),MATCH(BASE!J155,LISTAS!$H$3:$Q$3,0))*Tabela3[[#This Row],[QUANTIDADE]] -> 4.5 | L155: =TEXT(Tabela3[[#This Row],[DATA]],"MM") -> 03 | M155: =WEEKNUM(Tabela3[[#This Row],[DATA]]) -> 13 | N155: =YEAR(Tabela3[[#This Row],[DATA]]) -> 2023
B156: 45013 | C156: L02803 | D156: =COUNTIF(C$4:C156,Tabela3[[#This Row],[COMANDA]]) -> 2 | E156: BALCÃO | G156: BEBIDA | H156: Pingado 200 | I156: 1 | J156: PREÇO1 | K156: =INDEX(LISTAS!$H:$Q,MATCH(BASE!H156,LISTAS!$G:$G,0),MATCH(BASE!J156,LISTAS!$H$3:$Q$3,0))*Tabela3[[#This Row],[QUANTIDADE]] -> 3 | L156: =TEXT(Tabela3[[#This Row],[DATA]],"MM") -> 03 | M156: =WEEKNUM(Tabela3[[#This Row],[DATA]]) -> 13 | N156: =YEAR(Tabela3[[#This Row],[DATA]]) -> 2023
B157: 45013 | C157: L02803 | D157: =COUNTIF(C$4:C157,Tabela3[[#This Row],[COMANDA]]) -> 3 | E157: BALCÃO | G157: LANCHES | H157: 3x PQ P | I157: 5 | J157: PREÇO1 | K157: =INDEX(LISTAS!$H:$Q,MATCH(BASE!H157,LISTAS!$G:$G,0),MATCH(BASE!J157,LISTAS!$H$3:$Q$3,0))*Tabela3[[#This Row],[QUANTIDADE]] -> 10 | L157: =TEXT(Tabela3[[#This Row],[DATA]],"MM") -> 03 | M157: =WEEKNUM(Tabela3[[#This Row],[DATA]]) -> 13 | N157: =YEAR(Tabela3[[#This Row],[DATA]]) -> 2023
B158: 45013 | C158: L02803 | D158: =COUNTIF(C$4:C158,Tabela3[[#This Row],[COMANDA]]) -> 4 | E158: BALCÃO | G158: BEBIDA | H158: Café simples | I158: 7 | J158: PREÇO1 | K158: =INDEX(LISTAS!$H:$Q,MATCH(BASE!H158,LISTAS!$G:$G,0),MATCH(BASE!J158,LISTAS!$H$3:$Q$3,0))*Tabela3[[#This Row],[QUANTIDADE]] -> 7 | L158: =TEXT(Tabela3[[#This Row],[DATA]],"MM") -> 03 | M158: =WEEKNUM(Tabela3[[#This Row],[DATA]]) -> 13 | N158: =YEAR(Tabela3[[#This Row],[DATA]]) -> 2023
B159: 45013 | C159: L02803 | D159: =COUNTIF(C$4:C159,Tabela3[[#This Row],[COMANDA]]) -> 5 | E159: BALCÃO | G159: TAPIOCA | H159: P&Q T | I159: 1 | J159: PREÇO1 | K159: =INDEX(LISTAS!$H:$Q,MATCH(BASE!H159,LISTAS!$G:$G,0),MATCH(BASE!J159,LISTAS!$H$3:$Q$3,0))*Tabela3[[#This Row],[QUANTIDADE]] -> 7 | L159: =TEXT(Tabela3[[#This Row],[DATA]],"MM") -> 03 | M159: =WEEKNUM(Tabela3[[#This Row],[DATA]]) -> 13 | N159: =YEAR(Tabela3[[#This Row],[DATA]]) -> 2023
B160: 45013 | C160: L02803 | D160: =COUNTIF(C$4:C160,Tabela3[[#This Row],[COMANDA]]) -> 6 | E160: BALCÃO | G160: MISTO | H160: Sal completo | I160: 4 | J160: PREÇO1 | K160: =INDEX(LISTAS!$H:$Q,MATCH(BASE!H160,LISTAS!$G:$G,0),MATCH(BASE!J160,LISTAS!$H$3:$Q$3,0))*Tabela3[[#This Row],[QUANTIDADE]] -> 24 | L160: =TEXT(Tabela3[[#This Row],[DATA]],"MM") -> 03 | M160: =WEEKNUM(Tabela3[[#This Row],[DATA]]) -> 13 | N160: =YEAR(Tabela3[[#This Row],[DATA]]) -> 2023
B161: 45013 | C161: L02803 | D161: =COUNTIF(C$4:C161,Tabela3[[#This Row],[COMANDA]]) -> 7 | E161: BALCÃO | G161: BEBIDA | H161: Caixinha | I161: 1 | J161: PREÇO1 | K161: =INDEX(LISTAS!$H:$Q,MATCH(BASE!H161,LISTAS!$G:$G,0),MATCH(BASE!J161,LISTAS!$H$3:$Q$3,0))*Tabela3[[#This Row],[QUANTIDADE]] -> 3 | L161: =TEXT(Tabela3[[#This Row],[DATA]],"MM") -> 03 | M161: =WEEKNUM(Tabela3[[#This Row],[DATA]]) -> 13 | N161: =YEAR(Tabela3[[#This Row],[DATA]]) -> 2023
B162: 45013 | C162: L02803 | D162: =COUNTIF(C$4:C162,Tabela3[[#This Row],[COMANDA]]) -> 8 | E162: BALCÃO | G162: LANCHES | H162: Salgado | I162: 7 | J162: PREÇO2 | K162: =INDEX(LISTAS!$H:$Q,MATCH(BASE!H162,LISTAS!$G:$G,0),MATCH(BASE!J162,LISTAS!$H$3:$Q$3,0))*Tabela3[[#This Row],[QUANTIDADE]] -> 35 | L162: =TEXT(Tabela3[[#This Row],[DATA]],"MM") -> 03 | M162: =WEEKNUM(Tabela3[[#This Row],[DATA]]) -> 13 | N162: =YEAR(Tabela3[[#This Row],[DATA]]) -> 2023
B163: 45013 | C163: L02803 | D163: =COUNTIF(C$4:C163,Tabela3[[#This Row],[COMANDA]]) -> 9 | E163: BALCÃO | G163: BEBIDA | H163: Nescau 300 | I163: 1 | J163: PREÇO1 | K163: =INDEX(LISTAS!$H:$Q,MATCH(BASE!H163,LISTAS!$G:$G,0),MATCH(BASE!J163,LISTAS!$H$3:$Q$3,0))*Tabela3[[#This Row],[QUANTIDADE]] -> 4.5 | L163: =TEXT(Tabela3[[#This Row],[DATA]],"MM") -> 03 | M163: =WEEKNUM(Tabela3[[#This Row],[DATA]]) -> 13 | N163: =YEAR(Tabela3[[#This Row],[DATA]]) -> 2023
B164: 45013 | C164: L02803 | D164: =COUNTIF(C$4:C164,Tabela3[[#This Row],[COMANDA]]) -> 10 | E164: BALCÃO | G164: LANCHES | H164: PQ G | I164: 10 | J164: PREÇO1 | K164: =INDEX(LISTAS!$H:$Q,MATCH(BASE!H164,LISTAS!$G:$G,0),MATCH(BASE!J164,LISTAS!$H$3:$Q$3,0))*Tabela3[[#This Row],[QUANTIDADE]] -> 30 | L164: =TEXT(Tabela3[[#This Row],[DATA]],"MM") -> 03 | M164: =WEEKNUM(Tabela3[[#This Row],[DATA]]) -> 13 | N164: =YEAR(Tabela3[[#This Row],[DATA]]) -> 2023
B165: 45013 | C165: L02803 | D165: =COUNTIF(C$4:C165,Tabela3[[#This Row],[COMANDA]]) -> 11 | E165: BALCÃO | G165: TAPIOCA | H165: O&Q T | I165: 1 | J165: PREÇO1 | K165: =INDEX(LISTAS!$H:$Q,MATCH(BASE!H165,LISTAS!$G:$G,0),MATCH(BASE!J165,LISTAS!$H$3:$Q$3,0))*Tabela3[[#This Row],[QUANTIDADE]] -> 8 | L165: =TEXT(Tabela3[[#This Row],[DATA]],"MM") -> 03 | M165: =WEEKNUM(Tabela3[[#This Row],[DATA]]) -> 13 | N165: =YEAR(Tabela3[[#This Row],[DATA]]) -> 2023
B166: 45013 | C166: L02803 | D166: =COUNTIF(C$4:C166,Tabela3[[#This Row],[COMANDA]]) -> 12 | E166: BALCÃO | G166: LANCHES | H166: Salgado | I166: 21 | J166: PREÇO1 | K166: =INDEX(LISTAS!$H:$Q,MATCH(BASE!H166,LISTAS!$G:$G,0),MATCH(BASE!J166,LISTAS!$H$3:$Q$3,0))*Tabela3[[#This Row],[QUANTIDADE]] -> 126 | L166: =TEXT(Tabela3[[#This Row],[DATA]],"MM") -> 03 | M166: =WEEKNUM(Tabela3[[#This Row],[DATA]]) -> 13 | N166: =YEAR(Tabela3[[#This Row],[DATA]]) -> 2023
... B203: 45013 | C203: R00001 | D203: =COUNTIF(C$4:C203,Tabela3[[#This Row],[COMANDA]]) -> 3 | E203: PRATO | G203: PORÇÕES | H203: Fritas Porção | I203: 1 | J203: PREÇO1 | K203: =INDEX(LISTAS!$H:$Q,MATCH(BASE!H203,LISTAS!$G:$G,0),MATCH(BASE!J203,LISTAS!$H$3:$Q$3,0))*Tabela3[[#This Row],[QUANTIDADE]] -> 6 | L203: =TEXT(Tabela3[[#This Row],[DATA]],"MM") -> 03 | M203: =WEEKNUM(Tabela3[[#This Row],[DATA]]) -> 13 | N203: =YEAR(Tabela3[[#This Row],[DATA]]) -> 2023
B204: 45014 | C204: 12111 | D204: =COUNTIF(C$4:C204,Tabela3[[#This Row],[COMANDA]]) -> 1 | E204: MARMITA | F204: Débito | G204: REFEIÇÃO | H204: Bisteca | I204: 1 | J204: PREÇO1 | K204: =INDEX(LISTAS!$H:$Q,MATCH(BASE!H204,LISTAS!$G:$G,0),MATCH(BASE!J204,LISTAS!$H$3:$Q$3,0))*Tabela3[[#This Row],[QUANTIDADE]] -> 18 | L204: =TEXT(Tabela3[[#This Row],[DATA]],"MM") -> 03 | M204: =WEEKNUM(Tabela3[[#This Row],[DATA]]) -> 13 | N204: =YEAR(Tabela3[[#This Row],[DATA]]) -> 2023
B205: 45014 | C205: 12112 | D205: =COUNTIF(C$4:C205,Tabela3[[#This Row],[COMANDA]]) -> 1 | E205: MARMITA | F205: Crédito | G205: REFEIÇÃO | H205: Strog de frango | I205: 1 | J205: PREÇO1 | K205: =INDEX(LISTAS!$H:$Q,MATCH(BASE!H205,LISTAS!$G:$G,0),MATCH(BASE!J205,LISTAS!$H$3:$Q$3,0))*Tabela3[[#This Row],[QUANTIDADE]] -> 18 | L205: =TEXT(Tabela3[[#This Row],[DATA]],"MM") -> 03 | M205: =WEEKNUM(Tabela3[[#This Row],[DATA]]) -> 13 | N205: =YEAR(Tabela3[[#This Row],[DATA]]) -> 2023
B206: 45014 | C206: 12112 | D206: =COUNTIF(C$4:C206,Tabela3[[#This Row],[COMANDA]]) -> 2 | E206: MARMITA | F206: Crédito | G206: BEBIDA | H206: Caixinha | I206: 1 | J206: PREÇO1 | K206: =INDEX(LISTAS!$H:$Q,MATCH(BASE!H206,LISTAS!$G:$G,0),MATCH(BASE!J206,LISTAS!$H$3:$Q$3,0))*Tabela3[[#This Row],[QUANTIDADE]] -> 3 | L206: =TEXT(Tabela3[[#This Row],[DATA]],"MM") -> 03 | M206: =WEEKNUM(Tabela3[[#This Row],[DATA]]) -> 13 | N206: =YEAR(Tabela3[[#This Row],[DATA]]) -> 2023
B207: 45014 | C207: 12113 | D207: =COUNTIF(C$4:C207,Tabela3[[#This Row],[COMANDA]]) -> 1 | E207: PRATO | F207: PIX | G207: REFEIÇÃO | H207: Strog de Carne | I207: 1 | J207: Preço2 | K207: =INDEX(LISTAS!$H:$Q,MATCH(BASE!H207,LISTAS!$G:$G,0),MATCH(BASE!J207,LISTAS!$H$3:$Q$3,0))*Tabela3[[#This Row],[QUANTIDADE]] -> 18 | L207: =TEXT(Tabela3[[#This Row],[DATA]],"MM") -> 03 | M207: =WEEKNUM(Tabela3[[#This Row],[DATA]]) -> 13 | N207: =YEAR(Tabela3[[#This Row],[DATA]]) -> 2023
B208: 45014 | C208: 12113 | D208: =COUNTIF(C$4:C208,Tabela3[[#This Row],[COMANDA]]) -> 2 | E208: PRATO | F208: PIX | G208: REFEIÇÃO | H208: Frango empanado | I208: 1 | J208: Preço2 | K208: =INDEX(LISTAS!$H:$Q,MATCH(BASE!H208,LISTAS!$G:$G,0),MATCH(BASE!J208,LISTAS!$H$3:$Q$3,0))*Tabela3[[#This Row],[QUANTIDADE]] -> 18 | L208: =TEXT(Tabela3[[#This Row],[DATA]],"MM") -> 03 | M208: =WEEKNUM(Tabela3[[#This Row],[DATA]]) -> 13 | N208: =YEAR(Tabela3[[#This Row],[DATA]]) -> 2023
B209: 45014 | C209: 12114 | D209: =COUNTIF(C$4:C209,Tabela3[[#This Row],[COMANDA]]) -> 1 | E209: PRATO | F209: Débito | G209: REFEIÇÃO | H209: Vegetariano | I209: 1 | J209: PREÇO1 | K209: =INDEX(LISTAS!$H:$Q,MATCH(BASE!H209,LISTAS!$G:$G,0),MATCH(BASE!J209,LISTAS!$H$3:$Q$3,0))*Tabela3[[#This Row],[QUANTIDADE]] -> 12 | L209: =TEXT(Tabela3[[#This Row],[DATA]],"MM") -> 03 | M209: =WEEKNUM(Tabela3[[#This Row],[DATA]]) -> 13 | N209: =YEAR(Tabela3[[#This Row],[DATA]]) -> 2023
B210: 45014 | C210: 12115 | D210: =COUNTIF(C$4:C210,Tabela3[[#This Row],[COMANDA]]) -> 1 | E210: PRATO | F210: PIX | G210: REFEIÇÃO | H210: Frango grelhado | I210: 1 | J210: PREÇO1 | K210: =INDEX(LISTAS!$H:$Q,MATCH(BASE!H210,LISTAS!$G:$G,0),MATCH(BASE!J210,LISTAS!$H$3:$Q$3,0))*Tabela3[[#This Row],[QUANTIDADE]] -> 18 | L210: =TEXT(Tabela3[[#This Row],[DATA]],"MM") -> 03 | M210: =WEEKNUM(Tabela3[[#This Row],[DATA]]) -> 13 | N210: =YEAR(Tabela3[[#This Row],[DATA]]) -> 2023
B211: 45014 | C211: 12115 | D211: =COUNTIF(C$4:C211,Tabela3[[#This Row],[COMANDA]]) -> 2 | E211: PRATO | F211: PIX | G211: ADICIONAIS | H211: Ovo Adicional | I211: 1 | J211: PREÇO1 | K211: =INDEX(LISTAS!$H:$Q,MATCH(BASE!H211,LISTAS!$G:$G,0),MATCH(BASE!J211,LISTAS!$H$3:$Q$3,0))*Tabela3[[#This Row],[QUANTIDADE]] -> 1 | L211: =TEXT(Tabela3[[#This Row],[DATA]],"MM") -> 03 | M211: =WEEKNUM(Tabela3[[#This Row],[DATA]]) -> 13 | N211: =YEAR(Tabela3[[#This Row],[DATA]]) -> 2023
B212: 45014 | C212: 12115 | D212: =COUNTIF(C$4:C212,Tabela3[[#This Row],[COMANDA]]) -> 3 | E212: PRATO | F212: Dinheiro | G212: REFEIÇÃO | H212: Frango grelhado | I212: 1 | J212: PREÇO1 | K212: =INDEX(LISTAS!$H:$Q,MATCH(BASE!H212,LISTAS!$G:$G,0),MATCH(BASE!J212,LISTAS!$H$3:$Q$3,0))*Tabela3[[#This Row],[QUANTIDADE]] -> 18 | L212: =TEXT(Tabela3[[#This Row],[DATA]],"MM") -> 03 | M212: =WEEKNUM(Tabela3[[#This Row],[DATA]]) -> 13 | N212: =YEAR(Tabela3[[#This Row],[DATA]]) -> 2023
B213: 45014 | C213: 12116 | D213: =COUNTIF(C$4:C213,Tabela3[[#This Row],[COMANDA]]) -> 1 | E213: PRATO | F213: Dinheiro | G213: REFEIÇÃO | H213: Linguiça | I213: 1 | J213: PREÇO1 | K213: =INDEX(LISTAS!$H:$Q,MATCH(BASE!H213,LISTAS!$G:$G,0),MATCH(BASE!J213,LISTAS!$H$3:$Q$3,0))*Tabela3[[#This Row],[QUANTIDADE]] -> 16 | L213: =TEXT(Tabela3[[#This Row],[DATA]],"MM") -> 03 | M213: =WEEKNUM(Tabela3[[#This Row],[DATA]]) -> 13 | N213: =YEAR(Tabela3[[#This Row],[DATA]]) -> 2023
B214: 45014 | C214: 12117 | D214: =COUNTIF(C$4:C214,Tabela3[[#This Row],[COMANDA]]) -> 1 | E214: PRATO | F214: Débito | G214: REFEIÇÃO | H214: Bisteca | I214: 1 | J214: PREÇO1 | K214: =INDEX(LISTAS!$H:$Q,MATCH(BASE!H214,LISTAS!$G:$G,0),MATCH(BASE!J214,LISTAS!$H$3:$Q$3,0))*Tabela3[[#This Row],[QUANTIDADE]] -> 18 | L214: =TEXT(Tabela3[[#This Row],[DATA]],"MM") -> 03 | M214: =WEEKNUM(Tabela3[[#This Row],[DATA]]) -> 13 | N214: =YEAR(Tabela3[[#This Row],[DATA]]) -> 2023
B215: 45014 | C215: 12119 | D215: =COUNTIF(C$4:C215,Tabela3[[#This Row],[COMANDA]]) -> 1 | E215: PRATO | F215: Crédito | G215: REFEIÇÃO | H215: Macarrão | I215: 1 | J215: PREÇO1 | K215: =INDEX(LISTAS!$H:$Q,MATCH(BASE!H215,LISTAS!$G:$G,0),MATCH(BASE!J215,LISTAS!$H$3:$Q$3,0))*Tabela3[[#This Row],[QUANTIDADE]] -> 16 | L215: =TEXT(Tabela3[[#This Row],[DATA]],"MM") -> 03 | M215: =WEEKNUM(Tabela3[[#This Row],[DATA]]) -> 13 | N215: =YEAR(Tabela3[[#This Row],[DATA]]) -> 2023
... B235: 45014 | C235: 12132 | D235: =COUNTIF(C$4:C235,Tabela3[[#This Row],[COMANDA]]) -> 1 | E235: PRATO | F235: Débito | G235: REFEIÇÃO | H235: Linguiça | I235: 1 | J235: PREÇO1 | K235: =INDEX(LISTAS!$H:$Q,MATCH(BASE!H235,LISTAS!$G:$G,0),MATCH(BASE!J235,LISTAS!$H$3:$Q$3,0))*Tabela3[[#This Row],[QUANTIDADE]] -> 16 | L235: =TEXT(Tabela3[[#This Row],[DATA]],"MM") -> 03 | M235: =WEEKNUM(Tabela3[[#This Row],[DATA]]) -> 13 | N235: =YEAR(Tabela3[[#This Row],[DATA]]) -> 2023
B236: 45014 | C236: 12133 | D236: =COUNTIF(C$4:C236,Tabela3[[#This Row],[COMANDA]]) -> 1 | E236: PRATO | G236: REFEIÇÃO | H236: Vegetariano | I236: 1 | J236: PREÇO1 | K236: =INDEX(LISTAS!$H:$Q,MATCH(BASE!H236,LISTAS!$G:$G,0),MATCH(BASE!J236,LISTAS!$H$3:$Q$3,0))*Tabela3[[#This Row],[QUANTIDADE]] -> 12 | L236: =TEXT(Tabela3[[#This Row],[DATA]],"MM") -> 03 | M236: =WEEKNUM(Tabela3[[#This Row],[DATA]]) -> 13 | N236: =YEAR(Tabela3[[#This Row],[DATA]]) -> 2023
B237: 45014 | C237: 12133 | D237: =COUNTIF(C$4:C237,Tabela3[[#This Row],[COMANDA]]) -> 2 | E237: PRATO | G237: REFEIÇÃO | H237: Macarrão | I237: 1 | J237: PREÇO1 | K237: =INDEX(LISTAS!$H:$Q,MATCH(BASE!H237,LISTAS!$G:$G,0),MATCH(BASE!J237,LISTAS!$H$3:$Q$3,0))*Tabela3[[#This Row],[QUANTIDADE]] -> 16 | L237: =TEXT(Tabela3[[#This Row],[DATA]],"MM") -> 03 | M237: =WEEKNUM(Tabela3[[#This Row],[DATA]]) -> 13 | N237: =YEAR(Tabela3[[#This Row],[DATA]]) -> 2023
B238: 45014 | C238: 12134 | D238: =COUNTIF(C$4:C238,Tabela3[[#This Row],[COMANDA]]) -> 1 | E238: PRATO | F238: Dinheiro | G238: REFEIÇÃO | H238: Strog de carne | I238: 1 | J238: PREÇO1 | K238: =INDEX(LISTAS!$H:$Q,MATCH(BASE!H238,LISTAS!$G:$G,0),MATCH(BASE!J238,LISTAS!$H$3:$Q$3,0))*Tabela3[[#This Row],[QUANTIDADE]] -> 20 | L238: =TEXT(Tabela3[[#This Row],[DATA]],"MM") -> 03 | M238: =WEEKNUM(Tabela3[[#This Row],[DATA]]) -> 13 | N238: =YEAR(Tabela3[[#This Row],[DATA]]) -> 2023
B239: 45014 | C239: 12134 | D239: =COUNTIF(C$4:C239,Tabela3[[#This Row],[COMANDA]]) -> 2 | E239: PRATO | F239: Dinheiro | G239: BEBIDA | H239: Pepsi | I239: 1 | J239: PREÇO1 | K239: =INDEX(LISTAS!$H:$Q,MATCH(BASE!H239,LISTAS!$G:$G,0),MATCH(BASE!J239,LISTAS!$H$3:$Q$3,0))*Tabela3[[#This Row],[QUANTIDADE]] -> 4 | L239: =TEXT(Tabela3[[#This Row],[DATA]],"MM") -> 03 | M239: =WEEKNUM(Tabela3[[#This Row],[DATA]]) -> 13 | N239: =YEAR(Tabela3[[#This Row],[DATA]]) -> 2023
B240: 45014 | C240: 12135 | D240: =COUNTIF(C$4:C240,Tabela3[[#This Row],[COMANDA]]) -> 1 | E240: MARMITA | F240: Crédito | G240: REFEIÇÃO | H240: Frango grelhado | I240: 1 | J240: PREÇO1 | K240: =INDEX(LISTAS!$H:$Q,MATCH(BASE!H240,LISTAS!$G:$G,0),MATCH(BASE!J240,LISTAS!$H$3:$Q$3,0))*Tabela3[[#This Row],[QUANTIDADE]] -> 18 | L240: =TEXT(Tabela3[[#This Row],[DATA]],"MM") -> 03 | M240: =WEEKNUM(Tabela3[[#This Row],[DATA]]) -> 13 | N240: =YEAR(Tabela3[[#This Row],[DATA]]) -> 2023
B241: 45014 | C241: 12136 | D241: =COUNTIF(C$4:C241,Tabela3[[#This Row],[COMANDA]]) -> 1 | E241: PRATO | F241: Dinheiro | G241: REFEIÇÃO | H241: Strog de frango | I241: 1 | J241: PREÇO1 | K241: =INDEX(LISTAS!$H:$Q,MATCH(BASE!H241,LISTAS!$G:$G,0),MATCH(BASE!J241,LISTAS!$H$3:$Q$3,0))*Tabela3[[#This Row],[QUANTIDADE]] -> 18 | L241: =TEXT(Tabela3[[#This Row],[DATA]],"MM") -> 03 | M241: =WEEKNUM(Tabela3[[#This Row],[DATA]]) -> 13 | N241: =YEAR(Tabela3[[#This Row],[DATA]]) -> 2023
B242: 45014 | C242: 12137 | D242: =COUNTIF(C$4:C242,Tabela3[[#This Row],[COMANDA]]) -> 1 | E242: PRATO | F242: Débito | G242: REFEIÇÃO | H242: Frango grelhado | I242: 1 | J242: PREÇO1 | K242: =INDEX(LISTAS!$H:$Q,MATCH(BASE!H242,LISTAS!$G:$G,0),MATCH(BASE!J242,LISTAS!$H$3:$Q$3,0))*Tabela3[[#This Row],[QUANTIDADE]] -> 18 | L242: =TEXT(Tabela3[[#This Row],[DATA]],"MM") -> 03 | M242: =WEEKNUM(Tabela3[[#This Row],[DATA]]) -> 13 | N242: =YEAR(Tabela3[[#This Row],[DATA]]) -> 2023
...

Sheet LISTAS
B3: FORMAS DE ENTREGA | D3: FORMA DE PAGAMENTO | F3: CATEGORIA | G3: ITEM | H3: PREÇO1 | I3: PREÇO2 | J3: PREÇO3 | K3: PREÇO4 | L3: PREÇO5
B4: MARMITA | D4: PIX | F4: BEBIDA | G4: Coca lata | H4: 4 | I4: 4.5 | J4: 5
B5: PRATO | D5: CARTÃO DE DÉBITO | F5: BEBIDA | G5: Coca mine | H5: 3 | I5: 3.5 | J5: 4
B6: ENTREGA | D6: CARTÃO DE CRÉDITO | F6: BEBIDA | G6: Coca Z lata | H6: 4 | I6: 4.5 | J6: 5
B7: BALCÃO | D7: DINHEIRO | F7: BEBIDA | G7: Coca Z mine | H7: 3 | I7: 3.5 | J7: 4
F8: BEBIDA | G8: Coca 600 | H8: 6 | I8: 7
F9: BEBIDA | G9: Coca Z 600 | H9: 6 | I9: 7
F10: BEBIDA | G10: Sprite lata | H10: 4 | I10: 4.5 | J10: 5
F11: BEBIDA | G11: Sprite mine | H11: 3 | I11: 3.5 | J11: 4
F12: BEBIDA | G12: Schweppes lata | H12: 4.5 | I12: 5 | J12: 5.5
F13: BEBIDA | G13: Schweppes mine | H13: 3.5 | I13: 4
F14: BEBIDA | G14: Guaraná lata | H14: 4 | I14: 4.5 | J14: 5
F15: BEBIDA | G15: Guaraná 600 | H15: 6 | I15: 7
F16: BEBIDA | G16: Fanta Laranja 500 | H16: 6 | I16: 7
F17: BEBIDA | G17: Fanta Uva 500 | H17: 6 | I17: 7
F18: BEBIDA | G18: Fanta Uva lata | H18: 4 | I18: 4.5 | J18: 5
F19: BEBIDA | G19: Fanta Laranja lata | H19: 4 | I19: 4.5 | J19: 5
F20: BEBIDA | G20: Fanta Uva mine | H20: 3 | I20: 3.5 | J20: 4
F21: BEBIDA | G21: Fanta Laranja mine | H21: 3 | I21: 3.5 | J21: 4
F22: BEBIDA | G22: Guaraviton | H22: 6
F23: BEBIDA | G23: Coca 1,5L | H23: 8
F24: BEBIDA | G24: Coca 2L | H24: 10 | I24: 12
F25: BEBIDA | G25: Guaraná 1,5 | H25: 8 | I25: 10
F26: BEBIDA | G26: Guaraná 1L | H26: 7
F27: BEBIDA | G27: Caçulinha | H27: 3
F28: BEBIDA | G28: Água | H28: 3
F29: BEBIDA | G29: Água com gás | H29: 3
F30: BEBIDA | G30: Ice Tea | H30: 5
F31: BEBIDA | G31: Prats | H31: 5
F32: BEBIDA | G32: Caixinha | H32: 3
F33: BEBIDA | G33: H2O | H33: 6 | I33: 7
F34: BEBIDA | G34: Monster | H34: 10 | I34: 12
F35: BEBIDA | G35: Red Bull | H35: 10
F36: BEBIDA | G36: Suco 500 | H36: 6
F37: BEBIDA | G37: Achocolatado | H37: 3
F38: BEBIDA | G38: Café Simples | H38: 1
F39: BEBIDA | G39: Café Duplo | H39: 2
F40: BEBIDA | G40: Pingado 100 | H40: 1.5
F41: BEBIDA | G41: Pingado 200 | H41: 3
F42: BEBIDA | G42: Pingado 300 | H42: 4
F43: BEBIDA | G43: Leite 200 | H43: 3
F44: BEBIDA | G44: Leite 300 | H44: 4
F45: BEBIDA | G45: Leite 500 | H45: 6
F46: BEBIDA | G46: Nescau 200 | H46: 4
... F53: BEBIDA | G53: Life 900 | H53: 9
F54: BEBIDA | G54: Coca Café | H54: 4 | I54: 4.5
F55: BEBIDA | G55: Jarra 1L | H55: 10 | I55: 12
F56: BEBIDA | G56: Toddynho | H56: 4
F57: BEBIDA | G57: Nescau CX | H57: 3
F58: BEBIDA | G58: GuaraMix Garrafa | H58: 6
F59: BEBIDA | G59: GuaraMix Copo | H59: 4
F60: BEBIDA | G60: Pitchula | H60: 3
F61: CUSCUZ | G61: Simples C | H61: 5
F62: CUSCUZ | G62: Presunto C | H62: 6
F63: CUSCUZ | G63: Queijo C | H63: 7
F64: CUSCUZ | G64: Ovo C | H64: 7.5
F65: CUSCUZ | G65: Frango C | H65: 10
F66: CUSCUZ | G66: Carne Seca C | H66: 13
F67: CUSCUZ | G67: P&Q C | H67: 8
... F71: CUSCUZ | G71: C&Q C | H71: 14
F72: DOCE | G72: Doce de Amendoim | H72: 0.5 | I72: 3
F73: LANCHES | G73: Salgado | H73: 6 | I73: 5
F74: LANCHES | G74: PQ G | H74: 3
F75: LANCHES | G75: PQ P | H75: 0.8
F76: LANCHES | G76: 3x PQ P | H76: 2
F77: MISTO | G77: Forma c Ovo | H77: 4
F78: MISTO | G78: Forma Simples | H78: 4.5
F79: MISTO | G79: Forma Completo | H79: 5.5
F80: MISTO | G80: Sal Simples | H80: 5
F81: MISTO | G81: Sal Completo | H81: 6
F82: MISTO | G82: Sal c ovo | H82: 4.5
F83: REFEIÇÃO | G83: Vegetariano | H83: 12 | I83: =Tabela6[[#This Row],[PREÇO1]]*0.9 -> 10.8 | J83: 12
F84: REFEIÇÃO | G84: Hambúrguer | H84: 14 | I84: =Tabela6[[#This Row],[PREÇO1]]*0.9 -> 12.6 | J84: 15
F85: REFEIÇÃO | G85: Steak | H85: 14 | I85: =Tabela6[[#This Row],[PREÇO1]]*0.9 -> 12.6 | J85: 16
F86: REFEIÇÃO | G86: Linguiça | H86: 16 | I86: =Tabela6[[#This Row],[PREÇO1]]*0.9 -> 14.4 | J86: 17
F87: REFEIÇÃO | G87: Bisteca | H87: 18 | I87: =Tabela6[[#This Row],[PREÇO1]]*0.9 -> 16.2 | J87: 18
F88: REFEIÇÃO | G88: Frango Grelhado | H88: 18 | I88: =Tabela6[[#This Row],[PREÇO1]]*0.9 -> 16.2 | J88: 18
F89: REFEIÇÃO | G89: Frango Empanado | H89: 20 | I89: =Tabela6[[#This Row],[PREÇO1]]*0.9 -> 18 | J89: 22
F90: REFEIÇÃO | G90: Legumes | H90: 8 | I90: =Tabela6[[#This Row],[PREÇO1]]*0.9 -> 7.2 | J90: 8
F91: REFEIÇÃO | G91: Bife Acebolado | H91: 20 | I91: =Tabela6[[#This Row],[PREÇO1]]*0.9 -> 18 | J91: 24
F92: REFEIÇÃO | G92: Bife Empanado | H92: 22 | I92: =Tabela6[[#This Row],[PREÇO1]]*0.9 -> 19.8 | J92: 26
F93: REFEIÇÃO | G93: Do dia | H93: 16 | I93: =Tabela6[[#This Row],[PREÇO1]]*0.9 -> 14.4 | J93: 16
F94: REFEIÇÃO | G94: Strog de Frango P | H94: 17 | I94: =Tabela6[[#This Row],[PREÇO1]]*0.9 -> 15.3 | J94: 17
... F100: REFEIÇÃO | G100: Carne moída | H100: 18 | I100: =Tabela6[[#This Row],[PREÇO1]]*0.9 -> 16.2 | J100: 18
F101: SOBREMESA | G101: Brownie Recheado | H101: 6
F102: SOBREMESA | G102: Brownie Tradicional | H102: 5
F103: SOBREMESA | G103: 3x10 Brownie | H103: 10
F104: SOBREMESA | G104: Torta | H104: 8 | I104: 9
F105: SOBREMESA | G105: Sneackers | H105: 3.5
F106: SOBREMESA | G106: Paleta | H106: 10 | I106: 7
F107: SOBREMESA | G107: Paçoca | H107: 0.5
F108: SOBREMESA | G108: Paçocão | H108: 3
F109: SOBREMESA | G109: Prestígio | H109: 2.5 | I109: 3
F110: SOBREMESA | G110: Chokito | H110: 2.5
F111: SOBREMESA | G111: Pão de Mel | H111: 4
F112: SOBREMESA | G112: Bis | H112: 3.5
F113: SOBREMESA | G113: Caribe | H113: 2.5
F114: SOBREMESA | G114: Cocada | H114: 3
F115: SOBREMESA | G115: Talento P | H115: 2.5
F116: SOBREMESA | G116: Supino | H116: 3
...

Sheet TABELAS
A4: FILTRO | C4: Valores
A5: MÊS | C5: FATURAMENTO | D5: 191021.1
A6: SEMANA | C6: PEDIDOS | D6: 6510
A7: DIA | C7: ITENS | D7: 13628
A8: FORMA DE ENTREGA
A10: FATURAMENTO | C10: FATURAMENTO | P10: PEDIDOS | AC10: ITENS
A11: CARD
A12: POR SEMANA | C12: SEMANA | D12: FATURAMENTO | F12: ENTREGA | G12: FATURAMENTO | I12: PAGAMENTOS | J12: FATURAMENTO | L12: ITEM | M12: FATURAMENTO | P12: SEMANA | Q12: PEDIDOS | S12: ENTREGA | T12: PEDIDOS | V12: PAGAMENTO | W12: PEDIDOS | Y12: ITEM | Z12: PEDIDOS | AC12: SEMANA | AD12: ITENS | AF12: ENTREGA | AG12: ITENS | AI12: PAGAMENTO | AJ12: ITENS | AL12: ITEM | AM12: ITENS
A13: POR FORMA DE ENTREGA | C13: 03 | D13: 8768.2 | F13: (vazio) | G13: 16 | I13: (vazio) | J13: 42315.85 | L13: REFEIÇÃO | M13: 145294.5 | P13: 03 | S13: (vazio) | T13: 1 | V13: (vazio) | W13: 2913 | Y13: MISTO | Z13: 161 | AC13: 03 | AD13: 939 | AF13: (vazio) | AG13: 2 | AI13: (vazio) | AJ13: 7243 | AL13: MISTO | AM13: 750
A14: POR FORMA DE PAGAMENTO | C14: 04 | D14: 44466.35 | F14: BALCÃO | G14: 27921.15 | I14: Crédito | J14: 54216.55 | L14: MISTO | M14: 3898.5 | P14: 13 | Q14: 636 | S14: BALCÃO | T14: 1955 | V14: Crédito | W14: 3990 | Y14: ADICIONAIS | Z14: 844 | AC14: 04 | AD14: 5013 | AF14: BALCÃO | AG14: 6181 | AI14: Crédito | AJ14: 4375 | AL14: ADICIONAIS | AM14: 977
A15: POR CATEGORIA E ITEM | C15: 05 | D15: 48303.2 | F15: MARMITA | G15: 24718.7 | I15: Débito | J15: 59788.2 | L15: ADICIONAIS | M15: 2816 | P15: 04 | S15: MARMITA | T15: 1586 | V15: Débito | W15: 4311 | Y15: BEBIDA | Z15: 3588 | AC15: 05 | AD15: 5608 | AF15: MARMITA | AG15: 1778 | AI15: Débito | AJ15: 4812 | AL15: BEBIDA | AM15: 5008
C16: 06 | D16: 33228.5 | F16: PRATO | G16: 138365.25 | I16: Dinheiro | J16: 16209.5 | L16: BEBIDA | M16: 20691.9 | P16: 14 | Q16: 800 | S16: PRATO | T16: 10086 | V16: Dinheiro | W16: 1178 | Y16: CUSCUZ | Z16: 62 | AC16: 06 | AD16: 3062 | AF16: PRATO | AG16: 11075 | AI16: Dinheiro | AJ16: 1262 | AL16: CUSCUZ | AM16: 69
A17: PEDIDOS | C17: 07 | D17: 34895.45 | F17: Total Geral | G17: 191021.1 | I17: PIX | J17: 18491 | L17: CUSCUZ | M17: 634 | P17: 15 | Q17: 901 | S17: Total Geral | T17: 13628 | V17: PIX | W17: 1236 | Y17: LANCHES | Z17: 178 | AC17: 07 | AD17: 2739 | AF17: Total Geral | AG17: 19036 | AI17: PIX | AJ17: 1344 | AL17: LANCHES | AM17: 1322
A18: CARD | C18: 08 | D18: 21359.4 | I18: Total Geral | J18: 191021.1 | L18: LANCHES | M18: 5869.9 | P18: 16 | Q18: 690 | V18: Total Geral | W18: 13628 | Y18: PORÇÕES | Z18: 151 | AC18: 08 | AI18: Total Geral | AJ18: 19036 | AL18: PORÇÕES | AM18: 243
A19: POR SEMANA | C19: Total Geral | D19: 191021.1 | L19: PORÇÕES | M19: 1060 | P19: 17 | Q19: 776 | Y19: REFEIÇÃO | Z19: 7616 | AC19: 31 | AD19: 347 | AL19: REFEIÇÃO | AM19: 8400
A20: POR FORMA DE ENTREGA | L20: SOBREMESA | M20: 8717.8 | P20: 05 | Y20: SOBREMESA | Z20: 842 | AC20: 32 | AD20: 307 | AL20: SOBREMESA | AM20: 2025
A21: POR FORMA DE PAGAMENTO | L21: TAPIOCA | M21: 2038.5 | P21: 18 | Q21: 868 | Y21: TAPIOCA | Z21: 186 | AC21: 33 | AD21: 580 | AL21: TAPIOCA | AM21: 242
A22: POR CATEGORIA E ITEM | L22: Total Geral | M22: 191021.1 | P22: 19 | Q22: 827 | Y22: Total Geral | Z22: 13628 | AC22: 34 | AD22: 441 | AL22: Total Geral | AM22: 19036
P23: 20 | Q23: 717 | AC23: Total Geral | AD23: 19036
A24: ITENS | P24: 21 | Q24: 766
A25: CARD | P25: 22 | Q25: 379
A26: POR SEMANA | P26: 06
A27: POR FORMA DE ENTREGA | P27: 22 | Q27: 506
A28: POR FORMA DE PAGAMENTO | P28: 23 | Q28: 367
A29: POR CATEGORIA E ITEM | P29: 24 | Q29: 452
P30: 25 | Q30: 505
P31: 26 | Q31: 516
P32: 07
P33: 27 | Q33: 576
P34: 28 | Q34: 727
P35: 29 | Q35: 468
P36: 30 | Q36: 608
P37: 31 | Q37: 76
P38: 08
P39: 31 | Q39: 297
P40: 32 | Q40: 279
P41: 33 | Q41: 503
P42: 34 | Q42: 388
P43: Total Geral | Q43: 13628

Sheet PAINEL

Sheet Compras
B1: Compras 28/03/2023 a 01/04/2023 | J1: Compras 02/04/2023 a 08/04/2023 | R1: Compras 09/04/2023 a 15/04/2023 | Z1: Compras 16/04/2023 a 22/04/2023 | AH1: Compras 23/04/2023 a 29/04/2023 | AP1: Compras 30/04/2023 a 06/05/2023 | AX1: Compras 07/05/2023 a 13/05/2023 | BF1: Compras 14/05/2023 a 20/05/2023 | BN1: Compras 21/05/2023 a 27/05/2023 | BV1: Compras 28/05/2023 a 03/06/2023 | CD1: Compras 04/06/2023 a 10/06/2023 | CL1: Compras 11/06/2023 a 17/06/2023 | CT1: Compras 18/06/2023 a 24/06/2023 | DB1: Compras 25/06/2023 a 01/07/2023 | DJ1: Compras 02/07/2023 a 08/07/2023 | DR1: Compras 09/07/2023 a 15/07/2023 | DZ1: Compras 16/07/2023 a 22/07/2023 | EH1: Compras 23/07/2023 a 29/07/2023 | EP1: Compras 30/07/2023 a 05/08/2023 | EX1: Compras 06/08/2023 a 12/08/2023 | FF1: Compras 13/08/2023 a 19/08/2023 | FN1: Compras 20/08/2023 a 26/08/2023
B3: 45014 | C3: ITEM | D3: MARCA | E3: QNT. | F3: R$ UND. | G3: DESC. | H3: TOTAL | J3: 45018 | K3: ITEM | L3: MARCA | M3: QNT. | N3: R$ UND. | O3: DESC. | P3: TOTAL | AP3: 45048 | AQ3: ITEM | AR3: MARCA | AS3: QNT. | AT3: R$ UND. | AU3: DESC. | AV3: TOTAL | AX3: 45053 | AY3: ITEM | AZ3: MARCA | BA3: QNT. | BB3: R$ UND. | BC3: DESC. | BD3: TOTAL | BF3: 45061 | BG3: ITEM | BH3: MARCA | BI3: QNT. | BJ3: R$ UND. | BK3: DESC. | BL3: TOTAL | BN3: 45069 | BO3: ITEM | BP3: MARCA | BQ3: QNT. | BR3: R$ UND. | BS3: DESC. | BT3: TOTAL | BV3: 45075 | BW3: ITEM | BX3: MARCA | BY3: QNT. | BZ3: R$ UND. | CA3: DESC. | CB3: TOTAL | CD3: 45082 | CE3: ITEM | CF3: MARCA | CG3: QNT. | CH3: R$ UND. | CI3: DESC. | CJ3: TOTAL | CL3: 45090 | CM3: ITEM | CN3: MARCA | CO3: QNT. | CP3: R$ UND. | CQ3: DESC. | CR3: TOTAL | CT3: 45096 | CU3: ITEM | CV3: MARCA | CW3: QNT. | CX3: R$ UND. | CY3: DESC. | CZ3: TOTAL | DB3: 45103 | DC3: ITEM | DD3: MARCA | DE3: QNT. | DF3: R$ UND. | DG3: DESC. | DH3: TOTAL | DZ3: 45125 | EA3: ITEM | EB3: MARCA | EC3: QNT. | ED3: R$ UND. | EE3: DESC. | EF3: TOTAL | EH3: 45131 | EI3: ITEM | EJ3: MARCA | EK3: QNT. | EL3: R$ UND. | EM3: DESC. | EN3: TOTAL
B4: Big Box | C4: Coxão mole | E4: 30.034 | F4: 29.9 | H4: =(E4*F4)-G4 -> 898.0166 | J4: Atacadão | K4: Sacola | M4: 3 | N4: 0.24 | P4: =(M4*N4)-O4 -> 0.72 | R4: 45027 | S4: ITEM | T4: MARCA | U4: QNT. | V4: R$ UND. | W4: DESC. | X4: TOTAL | AP4: Atacadão | AQ4: Batata palha | AS4: 3 | AT4: 17.9 | AV4: =(AS4*AT4)-AU4 -> 53.7 | AX4: Assai | AY4: Pão | BA4: 0.204 | BB4: 12.9 | BD4: =(BA4*BB4)-BC4 -> 2.6316 | BF4: Adf comercial | BG4: Cebola | BI4: 1 | BJ4: 70 | BL4: =(BI4*BJ4)-BK4 -> 70 | BN4: LG distribuidora | BO4: Molho pimenta | BQ4: 1 | BR4: 12.6 | BT4: =(BQ4*BR4)-BS4 -> 12.6 | BV4: Natural Brasil | BW4: Barra açai | BY4: 10 | BZ4: 14.6 | CB4: =(BY4*BZ4)-CA4 -> 146 | CD4: Assai | CE4: LL Poly | CG4: 6 | CH4: 1.55 | CI4: 0.6 | CJ4: =(CG4*CH4)-CI4 -> 8.7 | CL4: estaçaõ dos frios | CM4: Mussarela | CO4: 3.952 | CP4: 36.9 | CR4: =(CO4*CP4)-CQ4 -> 145.8288 | CT4: Mega fox Distr. | CU4: Mentos | CW4: 4 | CX4: 23.5325 | CZ4: =CW4*CX4-CY4 -> 94.13 | DB4: D' Ouro minas | DC4: Salgado Comum | DE4: 30 | DF4: 3 | DH4: =(DE4*DF4)-DG4 -> 90 | DJ4: 45110 | DK4: ITEM | DL4: MARCA | DM4: QNT. | DN4: R$ UND. | DO4: DESC. | DP4: TOTAL | DR4: 45117 | DS4: ITEM | DT4: MARCA | DU4: QNT. | DV4: R$ UND. | DW4: DESC. | DX4: TOTAL | DZ4: Atacadão | EA4: Extrato | EC4: 1 | ED4: 23.9 | EF4: =EC4*ED4-EE4 -> 23.9 | EH4: Finos salgados | EI4: Salgados | EK4: 40 | EL4: 2.75 | EN4: =(EK4*EL4)-EM4 -> 110 | EP4: 45138 | EQ4: ITEM | ER4: MARCA | ES4: QNT. | ET4: R$ UND. | EU4: DESC. | EV4: TOTAL | EX4: 45145 | EY4: ITEM | EZ4: MARCA | FA4: QNT. | FB4: R$ UND. | FC4: DESC. | FD4: TOTAL | FF4: 45152 | FG4: ITEM | FH4: MARCA | FI4: QNT. | FJ4: R$ UND. | FK4: DESC. | FL4: TOTAL | FN4: 45159 | FO4: ITEM | FP4: MARCA | FQ4: QNT. | FR4: R$ UND. | FS4: DESC. | FT4: TOTAL
C5: Coca mine | E5: 18 | F5: 1.89 | H5: =(E5*F5)-G5 -> 34.02 | K5: Coca 600 | M5: 15 | N5: 3.49 | P5: =(M5*N5)-O5 -> 52.35 | R5: Sobradinho carnes | S5: Musculo | U5: 5.146 | V5: 24.99 | X5: =(U5*V5)-W5 -> 128.59854 | AH5: 45041 | AI5: ITEM | AJ5: MARCA | AK5: QNT. | AL5: R$ UND. | AM5: DESC. | AN5: TOTAL | AQ5: Sal | AS5: 3 | AT5: 1.99 | AV5: =(AS5*AT5)-AU5 -> 5.97 | AY5: Requeijão | BA5: 1 | BB5: 14.49 | BD5: =(BA5*BB5)-BC5 -> 14.49 | BF5: Crédito | BG5: TOTAL | BL5: =SUM(BL4:BL4) -> 70 | BO5: Molho pimenta | BQ5: 2 | BR5: 6.49 | BT5: =(BQ5*BR5)-BS5 -> 12.98 | BW5: Barra acerola | BY5: 5 | BZ5: 11.5 | CB5: =(BY5*BZ5)-CA5 -> 57.5 | CE5: Arisco | CG5: 3 | CH5: 4.99 | CI5: 1.5 | CJ5: =(CG5*CH5)-CI5 -> 13.47 | CM5: Presunto | CO5: 2.95 | CP5: 23.5 | CR5: =(CO5*CP5)-CQ5 -> 69.325 | CU5: Chiclete POOSH | CW5: 12 | CX5: 5.1833 | CZ5: =CW5*CX5-CY5 -> 62.1996 | DB5: Dinheiro | DC5: TOTAL | DH5: =SUM(DH4:DH4) -> 90 | DJ5: Sobradinho Carnes | DK5: Coxaõ mole | DM5: 31.27 | DN5: 27.99 | DP5: =(DM5*DN5)-DO5 -> 875.2473 | DR5: D' Ouro minas | DS5: Salgado Comum | DU5: 30 | DV5: 3 | DX5: =(DU5*DV5)-DW5 -> 90 | EA5: Caldo | EC5: 1 | ED5: 10.9 | EF5: =EC5*ED5-EE5 -> 10.9 | EH5: Dinheiro | EI5: TOTAL | EN5: =SUM(EN4:EN4) -> 110 | EP5: Levo | EQ5: Batata | ES5: 24 | ET5: 10.99 | EV5: =(ES5*ET5)-EU5 -> 263.76 | EX5: Natural Brasil | EY5: Barra Açai | FA5: 3 | FB5: 15.2 | FD5: =(FA5*FB5)-FC5 -> 45.6 | FF5: Levo | FG5: Batata | FI5: 12 | FJ5: 11.4 | FL5: =(FI5*FJ5)-FK5 -> 136.8 | FN5: Atacadão | FO5: Farinha | FQ5: 10 | FR5: 5.69 | FS5: 2 | FT5: =(FQ5*FR5)-FS5 -> 54.9
C6: Queijo cotagge | E6: 1 | F6: 13.99 | H6: =(E6*F6)-G6 -> 13.99 | K6: Coca Z 600 | M6: 12 | N6: 3.49 | P6: =(M6*N6)-O6 -> 41.88 | S6: Acem | U6: 6.12 | V6: 19.99 | X6: =(U6*V6)-W6 -> 122.3388 | AH6: Ovo | AI6: Ovo | AK6: 1 | AL6: 288.88 | AM6: 53.88 | AN6: =(AK6*AL6)-AM6 -> 235 | AQ6: Catchupe sache | AS6: 1 | AT6: 11.89 | AV6: =(AS6*AT6)-AU6 -> 11.89 | AY6: Schweppes lata | BA6: 6 | BB6: 2.79 | BC6: 0.6 | BD6: =(BA6*BB6)-BC6 -> 16.14 | BO6: Refresco guaramix | BQ6: 2 | BR6: 36.13 | BT6: =(BQ6*BR6)-BS6 -> 72.26 | BW6: Amendoim farofa | BY6: 1 | BZ6: 16.5 | CB6: =(BY6*BZ6)-CA6 -> 16.5 | CE6: Barakell | CG6: 1 | CH6: 9.95 | CJ6: =(CG6*CH6)-CI6 -> 9.95 | CL6: Crédito | CM6: TOTAL | CR6: =SUM(CR4:CR5) -> 215.1538 | CU6: Pirulito BIGBIG | CW6: 2 | CX6: 10.2833 | CZ6: =CW6*CX6-CY6 -> 20.5666 | DK6: Musculo | DM6: 4.758 | DN6: 22.99 | DP6: =(DM6*DN6)-DO6 -> 109.38642 | DR6: Dinheiro | DS6: TOTAL | DX6: =SUM(DX5:DX5) -> 90 | EA6: Saco lixo | EC6: 1 | ED6: 28.9 | EF6: =EC6*ED6-EE6 -> 28.9 | EP6: ? | EQ6: TOTAL | EV6: =SUM(EV5:EV5) -> 263.76 | EY6: Bananada | FA6: 1 | FB6: 9.6 | FD6: =(FA6*FB6)-FC6 -> 9.6 | FF6: ? | FG6: TOTAL | FL6: =SUM(FL5:FL5) -> 136.8 | FO6: Batata frita | FQ6: 10 | FR6: 19.9 | FT6: =(FQ6*FR6)-FS6 -> 199
C7: Mussarela | E7: 0.514 | F7: 39.9 | H7: =(E7*F7)-G7 -> 20.5086 | K7: Red Bull | M7: 1 | N7: 29.16 | P7: =(M7*N7)-O7 -> 29.16 | R7: Crédito | S7: TOTAL | X7: =SUM(X5:X6) -> 250.93734 | Z7: 45033 | AA7: ITEM | AB7: MARCA | AC7: QNT. | AD7: R$ UND. | AE7: DESC. | AF7: TOTAL | AH7: ? | AI7: TOTAL | AN7: =SUM(AN6:AN6) -> 235 | AQ7: Maionese sache | AS7: 1 | AT7: 11.69 | AV7: =(AS7*AT7)-AU7 -> 11.69 | AY7: Sprite lata | BA7: 18 | BB7: 1.85 | BC7: 1.8 | BD7: =(BA7*BB7)-BC7 -> 31.5 | BF7: 45061 | BG7: ITEM | BH7: MARCA | BI7: QNT. | BJ7: R$ UND. | BK7: DESC. | BL7: TOTAL | BO7: Amendupã bacon | BQ7: 1 | BR7: 21.98 | BT7: =(BQ7*BR7)-BS7 -> 21.98 | BV7: ? | BW7: TOTAL | CB7: =SUM(CB4:CB6) -> 220 | CE7: Café | CG7: 2 | CH7: 13.79 | CJ7: =(CG7*CH7)-CI7 -> 27.58 | CU7: Pirulito BIGBIG | CW7: 2 | CX7: 10.6218 | CZ7: =CW7*CX7-CY7 -> 21.2436 | DB7: 45103 | DC7: ITEM | DD7: MARCA | DE7: QNT. | DF7: R$ UND. | DG7: DESC. | DH7: TOTAL | DK7: Miolo de acem | DM7: 4.92 | DN7: 22.99 | DP7: =(DM7*DN7)-DO7 -> 113.1108 | EA7: Jogo faca | EC7: 1 | ED7: 41.9 | EF7: =EC7*ED7-EE7 -> 41.9 | EH7: 45131 | EI7: ITEM | EJ7: MARCA | EK7: QNT. | EL7: R$ UND. | EM7: DESC. | EN7: TOTAL | EX7: ? | EY7: TOTAL | FD7: =SUM(FD5:FD6) -> 55.2 | FN7: Crédito | FO7: TOTAL | FT7: =SUM(FT5:FT6) -> 253.9
C8: Presunto | E8: 0.364 | F8: 28.9 | H8: =(E8*F8)-G8 -> 10.5196 | K8: Monster | M8: 40 | N8: 6.79 | P8: =(M8*N8)-O8 -> 271.6 | Z8: Finos salgados | AA8: Salgados | AC8: 65 | AD8: 2.75 | AF8: =(AC8*AD8)-AE8 -> 178.75 | AQ8: Coca cola | AS8: 1 | AT8: 25.08 | AV8: =(AS8*AT8)-AU8 -> 25.08 | AY8: Coca mine | BA8: 24 | BB8: 1.89 | BC8: 2.4 | BD8: =(BA8*BB8)-BC8 -> 42.96 | BF8: Atacadão | BG8: Pão de forma | BI8: 3 | BJ8: 5.49 | BL8: =(BI8*BJ8)-BK8 -> 16.47 | BO8: Amendupã Calabresa | BQ8: 1 | BR8: 21.98 | BT8: =(BQ8*BR8)-BS8 -> 21.98 | CE8: Saleiro | CG8: 1 | CH8: 1.39 | CJ8: =(CG8*CH8)-CI8 -> 1.39 | CL8: 45090 | CM8: ITEM | CN8: MARCA | CO8: QNT. | CP8: R$ UND. | CQ8: DESC. | CR8: TOTAL | CU8: 7Belo | CW8: 2 | CX8: 9.7999 | CZ8: =CW8*CX8-CY8 -> 19.5998 | DB8: Finos salgados | DC8: Salgados | DE8: 65 | DF8: 2.75 | DH8: =(DE8*DF8)-DG8 -> 178.75 | DK8: Figado | DM8: 3.585 | DN8: 9.99 | DP8: =(DM8*DN8)-DO8 -> 35.81415 | DR8: 45117 | DS8: ITEM | DT8: MARCA | DU8: QNT. | DV8: R$ UND. | DW8: DESC. | DX8: TOTAL | EA8: Tomate | EC8: 4.565 | ED8: 8.99 | EF8: =EC8*ED8-EE8 -> 41.03935 | EH8: CEASA | EI8: Chuchu | EK8: 1 | EL8: 20 | EN8: =EK8*EL8-EM8 -> 20 | EP8: 45139 | EQ8: ITEM | ER8: MARCA | ES8: QNT. | ET8: R$ UND. | EU8: DESC. | EV8: TOTAL | FF8: 45153 | FG8: ITEM | FH8: MARCA | FI8: QNT. | FJ8: R$ UND. | FK8: DESC. | FL8: TOTAL
C9: Pão frances | E9: 0.165 | F9: 18.99 | H9: =(E9*F9)-G9 -> 3.13335 | K9: Arroz | M9: 1 | N9: 7.29 | P9: =(M9*N9)-O9 -> 7.29 | R9: 45027 | S9: ITEM | T9: MARCA | U9: QNT. | V9: R$ UND. | W9: DESC. | X9: TOTAL | Z9: ? | AA9: TOTAL | AF9: =SUM(AF8:AF8) -> 178.75 | AH9: 45041 | AI9: ITEM | AJ9: MARCA | AK9: QNT. | AL9: R$ UND. | AM9: DESC. | AN9: TOTAL | AQ9: Acucar | AS9: 1 | AT9: 17.99 | AV9: =(AS9*AT9)-AU9 -> 17.99 | AY9: Coca 600 | BA9: 90 | BB9: 1.99 | BD9: =(BA9*BB9)-BC9 -> 179.1 | BG9: Polvilho | BI9: 2 | BJ9: 8.39 | BL9: =(BI9*BJ9)-BK9 -> 16.78 | BO9: Amendupã Churrasco | BQ9: 1 | BR9: 21.98 | BT9: =(BQ9*BR9)-BS9 -> 21.98 | BV9: 45076 | BW9: ITEM | BX9: MARCA | BY9: QNT. | BZ9: R$ UND. | CA9: DESC. | CB9: TOTAL | CE9: Catchup | CG9: 2 | CH9: 17.9 | CJ9: =(CG9*CH9)-CI9 -> 35.8 | CL9: Fortes Embalagens | CM9: Toalha americana | CO9: 2 | CP9: 25.9 | CQ9: 5.18 | CR9: =(CO9*CP9)-CQ9 -> 46.62 | CT9: ? | CU9: TOTAL | CZ9: =SUM(CZ4:CZ8) -> 217.7396 | DB9: Dinheiro | DC9: TOTAL | DH9: =SUM(DH8:DH8) -> 178.75 | DK9: Capa de contrafile | DM9: 1.978 | DN9: 22.99 | DP9: =(DM9*DN9)-DO9 -> 45.47422 | DR9: Finos salgados | DS9: Salgados | DU9: 65 | DV9: 2.75 | DX9: =(DU9*DV9)-DW9 -> 178.75 | EA9: tempero arisco | EC9: 5 | ED9: 4.99 | EF9: =EC9*ED9-EE9 -> 24.95 | EI9: Tomate | EK9: 1 | EL9: 50 | EN9: =EK9*EL9-EM9 -> 50 | EP9: Finos salgados | EQ9: Salgados | ES9: 40 | ET9: 2.75 | EV9: =(ES9*ET9)-EU9 -> 110 | EX9: 45145 | EY9: ITEM | EZ9: MARCA | FA9: QNT. | FB9: R$ UND. | FC9: DESC. | FD9: TOTAL | FF9: Friatto | FG9: Linguiça de frango | FI9: 20 | FJ9: 15.49 | FL9: =(FI9*FJ9)-FK9 -> 309.8
C10: Sucrilhos | E10: 1 | F10: 6.99 | H10: =(E10*F10)-G10 -> 6.99 | K10: Red Bull | M10: 6 | N10: 7.29 | P10: =(M10*N10)-O10 -> 43.74 | R10: Finos salgados | S10: Salgados | U10: 75 | V10: 2.75 | X10: =(U10*V10)-W10 -> 206.25 | AH10: Finos salgados | AI10: Salgados | AK10: 80 | AL10: 2.75 | AN10: =(AK10*AL10)-AM10 -> 220 | AQ10: Coca 600 | AS10: 15 | AT10: 3.69 | AV10: =(AS10*AT10)-AU10 -> 55.35 | AY10: Ovo | BA10: 1 | BB10: 239 | BD10: =(BA10*BB10)-BC10 -> 239 | BG10: Flocão | BI10: 3 | BJ10: 1.89 | BL10: =(BI10*BJ10)-BK10 -> 5.67 | BN10: ? | BO10: TOTAL | BT10: =SUM(BT4:BT9) -> 163.78 | BV10: Sobradinho Carnes | BW10: Figado | BY10: 3.858 | BZ10: 14.99 | CB10: =(BY10*BZ10)-CA10 -> 57.83142 | CE10: Maionese | CG10: 1 | CH10: 22.9 | CJ10: =(CG10*CH10)-CI10 -> 22.9 | CM10: Sco hamburguer | CO10: 2 | CP10: 5.9 | CQ10: 1.18 | CR10: =(CO10*CP10)-CQ10 -> 10.62 | DJ10: Crédito | DK10: TOTAL | DP10: =SUM(DP5:DP9) -> 1179.0329 | DR10: Dinheiro | DS10: TOTAL | DX10: =SUM(DX9:DX9) -> 178.75 | EA10: Coca lata | EC10: 1 | ED10: 13.74 | EF10: =EC10*ED10-EE10 -> 13.74 | EI10: Cenoura | EK10: 1 | EL10: 50 | EN10: =EK10*EL10-EM10 -> 50 | EP10: Dinheiro | EQ10: TOTAL | EV10: =SUM(EV9:EV9) -> 110 | EX10: Estação dos frios | EY10: Presunto | FA10: 2.054 | FB10: 23.5 | FD10: =(FA10*FB10)-FC10 -> 48.269 | FF10: ? | FG10: TOTAL | FL10: =SUM(FL9:FL9) -> 309.8
B11: Crédito | C11: TOTAL | H11: =SUM(H4:H10,) -> 987.17815 | J11: Crédito | K11: TOTAL | P11: =SUM(P4:P10,) -> 446.74 | R11: ? | S11: TOTAL | X11: =SUM(X10:X10) -> 206.25 | Z11: 45033 | AA11: ITEM | AB11: MARCA | AC11: QNT. | AD11: R$ UND. | AE11: DESC. | AF11: TOTAL | AH11: ? | AI11: TOTAL | AN11: =SUM(AN10:AN10) -> 220 | AQ11: Agua | AS11: 24 | AT11: 1.19 | AV11: =(AS11*AT11)-AU11 -> 28.56 | AX11: Crédito | AY11: TOTAL | BD11: =SUM(BD4:BD10) -> 525.8216 | BG11: Sabao em po | BI11: 1 | BJ11: 22.49 | BL11: =(BI11*BJ11)-BK11 -> 22.49 | BW11: Patinho | BY11: 1.158 | BZ11: 29.99 | CB11: =(BY11*BZ11)-CA11 -> 34.72842 | CE11: Margarina | CG11: 12 | CH11: 4.99 | CJ11: =(CG11*CH11)-CI11 -> 59.88 | CM11: Pote 100ml | CO11: 1 | CP11: 139 | CQ11: 13.9 | CR11: =(CO11*CP11)-CQ11 -> 125.1 | CT11: 45097 | CU11: ITEM | CV11: MARCA | CW11: QNT. | CX11: R$ UND. | CY11: DESC. | CZ11: TOTAL | DB11: 45104 | DC11: ITEM | DD11: MARCA | DE11: QNT. | DF11: R$ UND. | DG11: DESC. | DH11: TOTAL | EA11: coca mine | EC11: 2 | ED11: 11.34 | EF11: =EC11*ED11-EE11 -> 22.68 | EI11: Abobrinha | EK11: 1 | EL11: 25 | EN11: =EK11*EL11-EM11 -> 25 | EY11: Mussarela | FA11: 4.102 | FB11: 36.9 | FD11: =(FA11*FB11)-FC11 -> 151.3638
Z12: D' Ouro minas | AA12: Pão de queijo Trad. | AC12: 2 | AD12: 12 | AF12: =(AC12*AD12)-AE12 -> 24 | AQ12: Fanta uva mine | AS12: 12 | AT12: 1.99 | AU12: 2.4 | AV12: =(AS12*AT12)-AU12 -> 21.48 | BG12: detergente | BI12: 1 | BJ12: 19.5 | BL12: =(BI12*BJ12)-BK12 -> 19.5 | BN12: 45070 | BO12: ITEM | BP12: MARCA | BQ12: QNT. | BR12: R$ UND. | BS12: DESC. | BT12: TOTAL | BW12: Bife | BY12: 8.755 | BZ12: 27.99 | CB12: =(BY12*BZ12)-CA12 -> 245.05245 | CE12: Coca mine | CG12: 72 | CH12: 1.89 | CI12: 7.2 | CJ12: =(CG12*CH12)-CI12 -> 128.88 | CM12: Tp 2500 | CO12: 1 | CP12: 156 | CQ12: 15.6 | CR12: =(CO12*CP12)-CQ12 -> 140.4 | CT12: Pão de mel | CU12: Pão de mel | CW12: 30 | CX12: 2.8 | CZ12: =(CW12*CX12)-CY12 -> 84 | DB12: Estação dos frios | DC12: Mussarela | DE12: 6.215 | DF12: 36.9 | DH12: =DE12*DF12-DG12 -> 229.3335 | DJ12: 45111 | DK12: ITEM | DL12: MARCA | DM12: QNT. | DN12: R$ UND. | DO12: DESC. | DP12: TOTAL | DR12: 45117 | DS12: ITEM | DT12: MARCA | DU12: QNT. | DV12: R$ UND. | DW12: DESC. | DX12: TOTAL | EA12: coca zero mine | EC12: 18 | ED12: 1.99 | EE12: 1.8 | EF12: =EC12*ED12-EE12 -> 34.02 | EI12: Repolho | EK12: 2 | EL12: 8 | EN12: =EK12*EL12-EM12 -> 16 | EP12: 45139 | EQ12: ITEM | ER12: MARCA | ES12: QNT. | ET12: R$ UND. | EU12: DESC. | EV12: TOTAL | EY12: Produto diverso | FA12: 1 | FB12: 8 | FD12: =(FA12*FB12)-FC12 -> 8 | FF12: 45153 | FG12: ITEM | FH12: MARCA | FI12: QNT. | FJ12: R$ UND. | FK12: DESC. | FL12: TOTAL
B13: 45014 | C13: ITEM | D13: MARCA | E13: QNT. | F13: R$ UND. | G13: DESC. | H13: TOTAL | J13: 45019 | K13: ITEM | L13: MARCA | M13: QNT. | N13: R$ UND. | O13: DESC. | P13: TOTAL | R13: 45027 | S13: ITEM | T13: MARCA | U13: QNT. | V13: R$ UND. | W13: DESC. | X13: TOTAL | AA13: Salgado Comum | AC13: 30 | AD13: 3 | AF13: =(AC13*AD13)-AE13 -> 90 | AH13: 45041 | AI13: ITEM | AJ13: MARCA | AK13: QNT. | AL13: R$ UND. | AM13: DESC. | AN13: TOTAL | AQ13: Fanta laranja mine | AS13: 12 | AT13: 1.99 | AU13: 2.4 | AV13: =(AS13*AT13)-AU13 -> 21.48 | AX13: 45053 | AY13: ITEM | AZ13: MARCA | BA13: QNT. | BB13: R$ UND. | BC13: DESC. | BD13: TOTAL | BG13: Limp Zupp | BI13: 3 | BJ13: 3.09 | BL13: =(BI13*BJ13)-BK13 -> 9.27 | BN13: Finos salgados | BO13: Salgados | BQ13: 75 | BR13: 2.75 | BT13: =(BQ13*BR13)-BS13 -> 206.25 | BV13: Crédito | BW13: TOTAL | CB13: =SUM(CB10:CB12) -> 337.61229 | CE13: Fanta Laranja mine | CG13: 24 | CH13: 1.75 | CI13: 2.4 | CJ13: =(CG13*CH13)-CI13 -> 39.6 | CL13: ? | CM13: TOTAL | CR13: =SUM(CR9:CR12) -> 322.74 | CT13: Dinheiro | CU13: TOTAL | CZ13: =SUM(CZ12:CZ12) -> 84 | DC13: Presunto | DE13: 4.1 | DF13: 23.5 | DH13: =DE13*DF13-DG13 -> 96.35 | DJ13: CEASA | DK13: Tomate | DM13: 10 | DN13: 6 | DP13: =DM13*DN13-DO13 -> 60 | DR13: estaçaõ dos frios | DS13: Mussarela | DU13: 5.174 | DV13: 36.9 | DX13: =(DU13*DV13)-DW13 -> 190.9206 | EA13: Oleo | EC13: 1 | ED13: 29.94 | EF13: =EC13*ED13-EE13 -> 29.94 | EI13: Beterraba | EK13: 1 | EL13: 40 | EN13: =EK13*EL13-EM13 -> 40 | EP13: D' Ouro minas | EQ13: Pão de queijo Trad. | ES13: 4 | ET13: 12 | EV13: =(ES13*ET13)-EU13 -> 48 | EX13: ? | EY13: TOTAL | FD13: =SUM(FD10:FD12) -> 207.6328 | FF13: Levo | FG13: Batata | FI13: 12 | FJ13: 11.4 | FL13: =(FI13*FJ13)-FK13 -> 136.8
B14: Salgados | C14: Salgados | E14: 20 | F14: 2.75 | H14: =(E14*F14)-G14 -> 55 | J14: Finos salgados | K14: Salgados | M14: 40 | N14: 2.75 | P14: =(M14*N14)-O14 -> 110 | R14: D´Ouro Minas | S14: Salgados | U14: 25 | V14: 3 | X14: =(U14*V14)-W14 -> 75 | Z14: Dinheiro | AA14: TOTAL | AF14: =SUM(AF12:AF13) -> 114 | AH14: D' Ouro minas | AI14: Pão de queijo Trad. | AK14: 4 | AL14: 12 | AN14: =(AK14*AL14)-AM14 -> 48 | AQ14: Coca mine | AS14: 8 | AT14: 11.1 | AV14: =(AS14*AT14)-AU14 -> 88.8 | AX14: Atacadão | AY14: Pão | BA14: 1 | BB14: 10.9 | BD14: =(BA14*BB14)-BC14 -> 10.9 | BG14: Hamburguer | BI14: 2 | BJ14: 37.9 | BL14: =(BI14*BJ14)-BK14 -> 75.8 | BN14: Dinheiro | BO14: TOTAL | BT14: =SUM(BT13:BT13) -> 206.25 | CE14: Sprite mine | CG14: 24 | CH14: 1.85 | CI14: 2.4 | CJ14: =(CG14*CH14)-CI14 -> 42 | DC14: Marmita redodnda | DE14: 2 | DF14: 29.9 | DH14: =DE14*DF14-DG14 -> 59.8 | DK14: Cenoura | DM14: 10 | DN14: 4 | DP14: =DM14*DN14-DO14 -> 40 | DS14: Presunto | DU14: 3.92 | DV14: 23.5 | DX14: =(DU14*DV14)-DW14 -> 92.12 | EA14: Farinha de mand | EC14: 10 | ED14: 6.99 | EE14: 5 | EF14: =EC14*ED14-EE14 -> 64.9 | EI14: Limão | EK14: 2 | EL14: 5 | EN14: =EK14*EL14-EM14 -> 10 | EQ14: Salgado Comum | ES14: 35 | ET14: 3 | EV14: =(ES14*ET14)-EU14 -> 105 | FG14: File de peito | FI14: 36 | FJ14: 11.9 | FL14: =(FI14*FJ14)-FK14 -> 428.4
B15: ? | C15: TOTAL | H15: =SUM(H14:H14) -> 55 | J15: ? | K15: TOTAL | P15: =SUM(P14:P14) -> 110 | R15: ? | S15: TOTAL | X15: =SUM(X14:X14) -> 75 | AI15: Pão de queijo Lanche | AK15: 5 | AL15: 12 | AN15: =(AK15*AL15)-AM15 -> 60 | AQ15: Coca zero mine | AS15: 4 | AT15: 10.74 | AV15: =(AS15*AT15)-AU15 -> 42.96 | AY15: Couve | BA15: 1 | BB15: 2.99 | BD15: =(BA15*BB15)-BC15 -> 2.99 | BG15: Leite | BI15: 1 | BJ15: 56.28 | BL15: =(BI15*BJ15)-BK15 -> 56.28 | BV15: 45078 | BW15: ITEM | BX15: MARCA | BY15: QNT. | BZ15: R$ UND. | CA15: DESC. | CB15: TOTAL | CE15: sprite lata | CG15: 12 | CH15: 2.69 | CI15: 3.6 | CJ15: =(CG15*CH15)-CI15 -> 28.68 | CL15: 45090 | CM15: ITEM | CN15: MARCA | CO15: QNT. | CP15: R$ UND. | CQ15: DESC. | CR15: TOTAL | CT15: 45097 | CU15: ITEM | CV15: MARCA | CW15: QNT. | CX15: R$ UND. | CY15: DESC. | CZ15: TOTAL | DC15: Garfo | DE15: 1 | DF15: 8.25 | DH15: =DE15*DF15-DG15 -> 8.25 | DK15: Chuchu | DM15: 10 | DN15: 2 | DP15: =DM15*DN15-DO15 -> 20 | DR15: Crédito | DS15: TOTAL | DX15: =SUM(DX13:DX14) -> 283.0406 | EA15: Arroz | EC15: 6 | ED15: 19.95 | EF15: =EC15*ED15-EE15 -> 119.7 | EI15: Batata | EK15: 5 | EL15: 4 | EN15: =EK15*EL15-EM15 -> 20 | EP15: Dinheiro | EQ15: TOTAL | EV15: =SUM(EV13:EV14) -> 153 | EX15: 45145 | EY15: ITEM | EZ15: MARCA | FA15: QNT. | FB15: R$ UND. | FC15: DESC. | FD15: TOTAL | FG15: Coxa S/ Coxa | FI15: 18 | FJ15: 6.9 | FL15: =(FI15*FJ15)-FK15 -> 124.2
Z16: 45033 | AA16: ITEM | AB16: MARCA | AC16: QNT. | AD16: R$ UND. | AE16: DESC. | AF16: TOTAL | AI16: Salgado Comum | AK16: 25 | AL16: 3 | AN16: =(AK16*AL16)-AM16 -> 75 | AQ16: Leite | AS16: 1 | AT16: 53.88 | AV16: =(AS16*AT16)-AU16 -> 53.88 | AY16: Abobora | BA16: 1.24 | BB16: 6.9 | BD16: =(BA16*BB16)-BC16 -> 8.556 | BG16: Feijão carioca | BI16: 20 | BJ16: 8.29 | BK16: 6 | BL16: =(BI16*BJ16)-BK16 -> 159.8 | BN16: 45070 | BO16: ITEM | BP16: MARCA | BQ16: QNT. | BR16: R$ UND. | BS16: DESC. | BT16: TOTAL | BV16: CEASA | BW16: Couve picada | BY16: 5 | BZ16: 3 | CB16: =BY16*BZ16-CA16 -> 15 | CE16: Fanta Laranja lata | CG16: 12 | CH16: 2.69 | CI16: 3.6 | CJ16: =(CG16*CH16)-CI16 -> 28.68 | CL16: Ovo | CM16: Ovo | CO16: 1 | CP16: 310.85 | CQ16: 65.85 | CR16: =(CO16*CP16)-CQ16 -> 245 | CT16: Sobradinho Carnes | CU16: Figado | CW16: 6.26 | CX16: 9.99 | CZ16: =(CW16*CX16)-CY16 -> 62.5374 | DB16: Crédito | DC16: TOTAL | DH16: =SUM(DH12:DH15) -> 393.7335 | DK16: Abobrinha | DM16: 10 | DN16: 3 | DP16: =DM16*DN16-DO16 -> 30 | EA16: Vinagre | EC16: 1 | ED16: 20.7 | EF16: =EC16*ED16-EE16 -> 20.7 | EI16: Batata doce | EK16: 1 | EL16: 30 | EN16: =EK16*EL16-EM16 -> 30 | EX16: Sobradinho Carnes | EY16: Coxa S/ coxa | FA16: 6.559 | FB16: 5.99 | FD16: =(FA16*FB16)-FC16 -> 39.28841 | FF16: ? | FG16: TOTAL | FL16: =SUM(FL13:FL15) -> 689.4
B17: 45014 | C17: ITEM | D17: MARCA | E17: QNT. | F17: R$ UND. | G17: DESC. | H17: TOTAL | J17: 45018 | K17: ITEM | L17: MARCA | M17: QNT. | N17: R$ UND. | O17: DESC. | P17: TOTAL | R17: 45027 | S17: ITEM | T17: MARCA | U17: QNT. | V17: R$ UND. | W17: DESC. | X17: TOTAL | Z17: Sobradinho Carnes | AA17: Coxão mole | AC17: 10.42 | AD17: 29.99 | AF17: =AC17*AD17-AE17 -> 312.4958 | AH17: Dinheiro | AI17: TOTAL | AN17: =SUM(AN14:AN16) -> 183 | AQ17: Oleo | AS17: 1 | AT17: 119.8 | AV17: =(AS17*AT17)-AU17 -> 119.8 | AY17: Maça | BA17: 0.54 | BB17: 7.9 | BD17: =(BA17*BB17)-BC17 -> 4.266 | BG17: Feijão preto | BI17: 1 | BJ17: 76.9 | BL17: =(BI17*BJ17)-BK17 -> 76.9 | BN17: CEASA | BO17: Tomate | BQ17: 1 | BR17: 70 | BT17: =BQ17*BR17-BS17 -> 70 | BW17: Cebolinha | BY17: 5 | BZ17: 3 | CB17: =BY17*BZ17-CA17 -> 15 | CE17: Fanta uva lata | CG17: 12 | CH17: 2.69 | CI17: 3.6 | CJ17: =(CG17*CH17)-CI17 -> 28.68 | CL17: Crédito | CM17: TOTAL | CR17: =SUM(CR16:CR16) -> 245 | CU17: Acem | CW17: 2.586 | CX17: 20.99 | CZ17: =(CW17*CX17)-CY17 -> 54.28014 | DK17: Beterraba | DM17: 5 | DN17: 4 | DP17: =DM17*DN17-DO17 -> 20 | DR17: 45117 | DS17: ITEM | DT17: MARCA | DU17: QNT. | DV17: R$ UND. | DW17: DESC. | DX17: TOTAL | EA17: Ovo | EC17: 1 | ED17: 225 | EF17: =EC17*ED17-EE17 -> 225 | EI17: Pepino | EK17: 3 | EL17: 6 | EN17: =EK17*EL17-EM17 -> 18 | EP17: 45139 | EQ17: ITEM | ER17: MARCA | ES17: QNT. | ET17: R$ UND. | EU17: DESC. | EV17: TOTAL | EY17: Figado | FA17: 4.64 | FB17: 8.99 | FD17: =(FA17*FB17)-FC17 -> 41.7136
B18: Fortes Embalagens | C18: Touca | E18: 1 | F18: 12.9 | H18: =E18*F18-G18 -> 12.9 | J18: Atacadão | K18: Cheiro verde | M18: 2 | N18: 1.99 | P18: =(M18*N18)-O18 -> 3.98 | R18: Pão de mel | S18: Pão de mel | U18: 20 | V18: 2.8 | X18: =(U18*V18)-W18 -> 56 | AA18: Fígado | AC18: 5.7 | AD18: 9.99 | AF18: =AC18*AD18-AE18 -> 56.943 | AQ18: Base culianaria | AS18: 3 | AT18: 143.68 | AV18: =(AS18*AT18)-AU18 -> 431.04 | AY18: Banana | BA18: 0.905 | BB18: 4.19 | BD18: =(BA18*BB18)-BC18 -> 3.79195 | BG18: Farinha de mand | BI18: 1 | BJ18: 59.9 | BL18: =(BI18*BJ18)-BK18 -> 59.9 | BO18: Chuchu | BQ18: 5 | BR18: 3 | BT18: =BQ18*BR18-BS18 -> 15 | BW18: Cheiro verde | BY18: 1 | BZ18: 3 | CB18: =BY18*BZ18-CA18 -> 3 | CE18: Pepsi lata | CG18: 15 | CH18: 2.05 | CI18: 1.5 | CJ18: =(CG18*CH18)-CI18 -> 29.25 | CU18: Coxão mole | CW18: 29.58 | CX18: 27.99 | CZ18: =(CW18*CX18)-CY18 -> 827.9442 | DB18: 45104 | DC18: ITEM | DD18: MARCA | DE18: QNT. | DF18: R$ UND. | DG18: DESC. | DH18: TOTAL | DK18: Batata doce | DM18: 5 | DN18: 3 | DP18: =DM18*DN18-DO18 -> 15 | DR18: Sobradinho Carnes | DS18: Pernil | DU18: 9.39 | DV18: 9.99 | DX18: =(DU18*DV18)-DW18 -> 93.8061 | DZ18: Crédito | EA18: TOTAL | EF18: =SUM(EF4:EF17) -> 702.26935 | EI18: Alface | EK18: 1 | EL18: 30 | EN18: =EK18*EL18-EM18 -> 30 | EP18: CEASA | EQ18: Cenoura | ES18: 1 | ET18: 40 | EV18: =ES18*ET18-EU18 -> 40 | EY18: Patinho | FA18: 5.594 | FB18: 26.99 | FD18: =(FA18*FB18)-FC18 -> 150.98206 | FF18: 45154 | FG18: ITEM | FH18: MARCA | FI18: QNT. | FJ18: R$ UND. | FK18: DESC. | FL18: TOTAL
C19: Toalha americana | E19: 1 | F19: 46.62 | H19: =E19*F19-G19 -> 46.62 | K19: Cenoura | M19: 10.625 | N19: 5.9 | P19: =(M19*N19)-O19 -> 62.6875 | R19: ? | S19: TOTAL | X19: =SUM(X18:X18) -> 56 | AA19: Bife | AC19: 5.192 | AD19: 31.99 | AF19: =AC19*AD19-AE19 -> 166.09208 | AH19: 45041 | AI19: ITEM | AJ19: MARCA | AK19: QNT. | AL19: R$ UND. | AM19: DESC. | AN19: TOTAL | AQ19: Batata | AS19: 2 | AT19: 153.86 | AV19: =(AS19*AT19)-AU19 -> 307.72 | AY19: Bisc. Bauducco | BA19: 1 | BB19: 6.99 | BD19: =(BA19*BB19)-BC19 -> 6.99 | BG19: Coca mine | BI19: 6 | BJ19: 11.34 | BL19: =(BI19*BJ19)-BK19 -> 68.04 | BO19: Abobrinha | BQ19: 5 | BR19: 4 | BT19: =BQ19*BR19-BS19 -> 20 | BW19: Pimenta cheiro | BY19: 1 | BZ19: 3 | CB19: =BY19*BZ19-CA19 -> 3 | CE19: Schwepes lata | CG19: 12 | CH19: 2.79 | CI19: 1.2 | CJ19: =(CG19*CH19)-CI19 -> 32.28 | CL19: 45090 | CM19: ITEM | CN19: MARCA | CO19: QNT. | CP19: R$ UND. | CQ19: DESC. | CR19: TOTAL | CT19: Crédito | CU19: TOTAL | CZ19: =SUM(CZ16:CZ18) -> 944.76174 | DB19: Levo | DC19: Batata frita | DE19: 36 | DF19: 10.99 | DH19: =(DE19*DF19)-DG19 -> 395.64 | DK19: Repolho | DM19: 2 | DN19: 8 | DP19: =DM19*DN19-DO19 -> 16 | DS19: Coxaõ mole | DU19: 35.47 | DV19: 27.99 | DX19: =(DU19*DV19)-DW19 -> 992.8053 | EI19: Pimenta cheiro | EK19: 1 | EL19: 15 | EN19: =EK19*EL19-EM19 -> 15 | EQ19: Cebola | ES19: 1 | ET19: 65 | EV19: =ES19*ET19-EU19 -> 65 | EY19: Coxao mole | FA19: 31.62 | FB19: 26.99 | FD19: =(FA19*FB19)-FC19 -> 853.4238 | FF19: Atacadão | FG19: Extrato | FI19: 2 | FJ19: 23.9 | FL19: =(FI19*FJ19)-FK19 -> 47.8
C20: Luva | E20: 1 | F20: 1.79 | H20: =E20*F20-G20 -> 1.79 | K20: Beterraba | M20: 6.295 | N20: 3.9 | P20: =(M20*N20)-O20 -> 24.5505 | Z20: ? | AA20: TOTAL | AF20: =SUM(AF17:AF19) -> 535.53088 | AH20: Fortes Embalagens | AI20: PT 102 | AK20: 1 | AL20: 38 | AN20: =(AK20*AL20)-AM20 -> 38 | AQ20: Arroz | AS20: 1 | AT20: 112.74 | AV20: =(AS20*AT20)-AU20 -> 112.74 | AY20: Bisc. Bauducco | BA20: 1 | BB20: 3.79 | BD20: =(BA20*BB20)-BC20 -> 3.79 | BG20: Coca lata | BI20: 48 | BJ20: 2.19 | BL20: =(BI20*BJ20)-BK20 -> 105.12 | BO20: Repolho Branco | BQ20: 2 | BR20: 7 | BT20: =BQ20*BR20-BS20 -> 14 | BW20: Chuchu | BY20: 5 | BZ20: 3 | CB20: =BY20*BZ20-CA20 -> 15 | CE20: Coca z 600 | CG20: 12 | CH20: 3.89 | CI20: 3.6 | CJ20: =(CG20*CH20)-CI20 -> 43.08 | CL20: CEASA | CM20: Tomate | CO20: 1 | CP20: 60 | CR20: =CO20*CP20-CQ20 -> 60 | DB20: ? | DC20: TOTAL | DH20: =SUM(DH19:DH19) -> 395.64 | DK20: Alface | DM20: 1 | DN20: 25 | DP20: =DM20*DN20-DO20 -> 25 | DS20: Figado | DU20: 6.157 | DV20: 9.89 | DX20: =(DU20*DV20)-DW20 -> 60.89273 | EI20: Alho desc | EK20: 3 | EL20: 14 | EN20: =EK20*EL20-EM20 -> 42 | EQ20: Chuchu | ES20: 1 | ET20: 25 | EV20: =ES20*ET20-EU20 -> 25 | EX20: Débito | EY20: TOTAL | FD20: =SUM(FD16:FD19) -> 1085.4079 | FG20: Batata palha | FI20: 1 | FJ20: 131.88 | FL20: =(FI20*FJ20)-FK20 -> 131.88
C21: Mascara | E21: 1 | F21: 10.99 | H21: =E21*F21-G21 -> 10.99 | K21: Ype | M21: 4 | N21: 3.29 | P21: =(M21*N21)-O21 -> 13.16 | R21: 45027 | S21: ITEM | T21: MARCA | U21: QNT. | V21: R$ UND. | W21: DESC. | X21: TOTAL | AI21: Copo 180 | AK21: 3 | AL21: 5 | AN21: =(AK21*AL21)-AM21 -> 15 | AQ21: Feijão | AS21: 20 | AT21: 7.79 | AV21: =(AS21*AT21)-AU21 -> 155.8 | AY21: Algodão | BA21: 1 | BB21: 5.69 | BD21: =(BA21*BB21)-BC21 -> 5.69 | BG21: Fanta Laranja lata | BI21: 1 | BJ21: 14.34 | BL21: =(BI21*BJ21)-BK21 -> 14.34 | BO21: Repolho roco | BQ21: 1 | BR21: 8 | BT21: =BQ21*BR21-BS21 -> 8 | BW21: Abobrinha | BY21: 5 | BZ21: 4 | CB21: =BY21*BZ21-CA21 -> 20 | CE21: Coca 600 | CG21: 45 | CH21: 3.95 | CJ21: =(CG21*CH21)-CI21 -> 177.75 | CM21: Cenoura | CO21: 1 | CP21: 40 | CR21: =CO21*CP21-CQ21 -> 40 | CT21: 45097 | CU21: ITEM | CV21: MARCA | CW21: QNT. | CX21: R$ UND. | CY21: DESC. | CZ21: TOTAL | DK21: Cebolinha | DM21: 10 | DN21: 2 | DP21: =DM21*DN21-DO21 -> 20 | DR21: Crédito | DS21: TOTAL | DX21: =SUM(DX18:DX20) -> 1147.5041 | DZ21: 45126 | EA21: ITEM | EB21: MARCA | EC21: QNT. | ED21: R$ UND. | EE21: DESC. | EF21: TOTAL | EI21: Cebolinha | EK21: 5 | EL21: 3 | EN21: =EK21*EL21-EM21 -> 15 | EQ21: Repolho | ES21: 2 | ET21: 8 | EV21: =ES21*ET21-EU21 -> 16 | FG21: Tempero Arisco | FI21: 5 | FJ21: 4.99 | FK21: 2.5 | FL21: =(FI21*FJ21)-FK21 -> 22.45
C22: Saco | E22: 1 | F22: 22 | H22: =E22*F22-G22 -> 22 | K22: Sabão Guarani | M22: 3 | N22: 7.99 | P22: =(M22*N22)-O22 -> 23.97 | R22: Ceasa | S22: Abobora | U22: 1 | V22: 60 | X22: =U22*V22-W22 -> 60 | Z22: 45033 | AA22: ITEM | AB22: MARCA | AC22: QNT. | AD22: R$ UND. | AE22: DESC. | AF22: TOTAL | AI22: Toalha americana | AK22: 3 | AL22: 25 | AN22: =(AK22*AL22)-AM22 -> 75 | AP22: Crédito | AQ22: TOTAL | AV22: =SUM(AV4:AV21) -> 1565.93 | AY22: cotonete | BA22: 1 | BB22: 19.9 | BD22: =(BA22*BB22)-BC22 -> 19.9 | BG22: Schwepes lata | BI22: 1 | BJ22: 16.74 | BL22: =(BI22*BJ22)-BK22 -> 16.74 | BO22: Acelga | BQ22: 2 | BR22: 4 | BT22: =BQ22*BR22-BS22 -> 8 | BW22: Cenoura | BY22: 5 | BZ22: 5 | CB22: =BY22*BZ22-CA22 -> 25 | CE22: Guarana 600 | CG22: 12 | CH22: 3.89 | CI22: 3.6 | CJ22: =(CG22*CH22)-CI22 -> 43.08 | CM22: Chuchu | CO22: 1 | CP22: 25 | CR22: =CO22*CP22-CQ22 -> 25 | CT22: D' Ouro minas | CU22: Pão de queijo Trad. | CW22: 3 | CX22: 12 | CZ22: =(CW22*CX22)-CY22 -> 36 | DB22: 45105 | DC22: ITEM | DD22: MARCA | DE22: QNT. | DF22: R$ UND. | DG22: DESC. | DH22: TOTAL | DK22: Couve | DM22: 5 | DN22: 3 | DP22: =DM22*DN22-DO22 -> 15 | DZ22: Friatto | EA22: Linguiça de frango | EC22: 20 | ED22: 14.99 | EF22: =(EC22*ED22)-EE22 -> 299.8 | EI22: Cheiro verde | EK22: 2 | EL22: 3 | EN22: =EK22*EL22-EM22 -> 6 | EQ22: Beterraba | ES22: 1 | ET22: 35 | EV22: =ES22*ET22-EU22 -> 35 | EX22: 45145 | EY22: ITEM | EZ22: MARCA | FA22: QNT. | FB22: R$ UND. | FC22: DESC. | FD22: TOTAL | FG22: Sal | FI22: 2 | FJ22: 1.79 | FL22: =(FI22*FJ22)-FK22 -> 3.58
C23: Canudo | E23: 1 | F23: 12.51 | H23: =E23*F23-G23 -> 12.51 | K23: Limp ZUPP | M23: 3 | N23: 2.9 | O23: 0.33 | P23: =(M23*N23)-O23 -> 8.37 | U23: 1 | V23: 30 | X23: =U23*V23-W23 -> 30 | Z23: Atacadão | AA23: Acelga | AC23: 2 | AD23: 4.15 | AF23: =(AC23*AD23)-AE23 -> 8.3 | AI23: Mascara | AK23: 1 | AL23: 10 | AN23: =(AK23*AL23)-AM23 -> 10 | AY23: Requeijão | BA23: 1 | BB23: 7.9 | BD23: =(BA23*BB23)-BC23 -> 7.9 | BG23: Sprite lata | BI23: 6 | BJ23: 2.49 | BK23: 0.6 | BL23: =(BI23*BJ23)-BK23 -> 14.34 | BO23: Cebolinha | BQ23: 10 | BR23: 3 | BT23: =BQ23*BR23-BS23 -> 30 | BW23: Beterraba | BY23: 5 | BZ23: 4 | CB23: =BY23*BZ23-CA23 -> 20 | CE23: Guarana 1.5L | CG23: 6 | CH23: 4.69 | CI23: 1.2 | CJ23: =(CG23*CH23)-CI23 -> 26.94 | CM23: Abobrinha | CO23: 1 | CP23: 30 | CR23: =CO23*CP23-CQ23 -> 30 | CU23: Pão de queijo Lanche | CW23: 5 | CX23: 12 | CZ23: =(CW23*CX23)-CY23 -> 60 | DB23: Friato | DC23: Linguiça de frango | DE23: 20 | DF23: 14.99 | DH23: =(DE23*DF23)-DG23 -> 299.8 | DK23: Alho desc | DM23: 2 | DN23: 12 | DP23: =DM23*DN23-DO23 -> 24 | DR23: 45118 | DS23: ITEM | DT23: MARCA | DU23: QNT. | DV23: R$ UND. | DW23: DESC. | DX23: TOTAL | DZ23: ? | EA23: TOTAL | EF23: =SUM(EF22:EF22) -> 299.8 | EH23: dinheiro | EI23: TOTAL | EN23: =SUM(EN8:EN22) -> 387 | EQ23: Limão | ES23: 2 | ET23: 5 | EV23: =ES23*ET23-EU23 -> 10 | EX23: Fortes Embalagens | EY23: Mascara | FA23: 2 | FB23: 9.99 | FC23: 4 | FD23: =(FA23*FB23)-FC23 -> 15.98 | FG23: Pão de forma | FI23: 4 | FJ23: 5.99 | FL23: =(FI23*FJ23)-FK23 -> 23.96
C24: PT-102 | E24: 1 | F24: 74 | H24: =E24*F24-G24 -> 74 | K24: Alcool | M24: 1 | N24: 6.79 | P24: =(M24*N24)-O24 -> 6.79 | S24: Chuchu | U24: 1 | V24: 50 | X24: =U24*V24-W24 -> 50 | AA24: Cheiro verde | AC24: 3 | AD24: 1.89 | AF24: =(AC24*AD24)-AE24 -> 5.67 | AI24: Garfo | AK24: 3 | AL24: 2.3 | AN24: =(AK24*AL24)-AM24 -> 6.9 | AP24: 45049 | AQ24: ITEM | AR24: MARCA | AS24: QNT. | AT24: R$ UND. | AU24: DESC. | AV24: TOTAL | AY24: Paçoca | BA24: 1 | BB24: 8.49 | BD24: =(BA24*BB24)-BC24 -> 8.49 | BG24: Coca mine | BI24: 6 | BJ24: 2.39 | BK24: 0.6 | BL24: =(BI24*BJ24)-BK24 -> 13.74 | BO24: Couve | BQ24: 10 | BR24: 3 | BT24: =BQ24*BR24-BS24 -> 30 | BW24: Laranja | BY24: 1 | BZ24: 40 | CB24: =BY24*BZ24-CA24 -> 40 | CE24: Coca 2L | CG24: 9 | CH24: 7.29 | CJ24: =(CG24*CH24)-CI24 -> 65.61 | CM24: Beterraba | CO24: 5 | CP24: 4 | CR24: =CO24*CP24-CQ24 -> 20 | CU24: Salgado Comum | CW24: 30 | CX24: 3 | CZ24: =(CW24*CX24)-CY24 -> 90 | DB24: ? | DC24: TOTAL | DH24: =SUM(DH23:DH23) -> 299.8 | DK24: Batata | DM24: 5 | DN24: 5 | DP24: =DM24*DN24-DO24 -> 25 | DR24: Atacadão | DS24: Ovo | DU24: 1 | DV24: 219 | DW24: 20 | DX24: =(DU24*DV24)-DW24 -> 199 | EQ24: Batata | ES24: 5 | ET24: 4 | EV24: =ES24*ET24-EU24 -> 20 | EY24: Papel Branco | FA24: 1 | FB24: 17.9 | FC24: 5 | FD24: =(FA24*FB24)-FC24 -> 12.9 | FG24: Oleo | FI24: 18 | FJ24: 5.29 | FK24: 16.02 | FL24: =(FI24*FJ24)-FK24 -> 79.2
B25: ? | C25: TOTAL | H25: =SUM(H18:H24) -> 180.81 | K25: Detergente | M25: 4 | N25: 2.39 | P25: =(M25*N25)-O25 -> 9.56 | S25: Cenoura | U25: 1 | V25: 60 | X25: =U25*V25-W25 -> 60 | AA25: Repolho | AC25: 5.525 | AD25: 3.99 | AE25: 6.07 | AF25: =(AC25*AD25)-AE25 -> 15.97475 | AI25: Faca | AK25: 2 | AL25: 70 | AN25: =(AK25*AL25)-AM25 -> 140 | AP25: Natural Brasil | AQ25: Barra acerola | AS25: 5 | AT25: 11.5 | AV25: =(AS25*AT25)-AU25 -> 57.5 | AY25: bisc. Maisena | BA25: 5 | BB25: 5.49 | BC25: 5 | BD25: =(BA25*BB25)-BC25 -> 22.45 | BF25: Crédito | BG25: TOTAL | BL25: =SUM(BL8:BL24) -> 751.18 | BO25: Alho desc | BQ25: 3 | BR25: 12 | BT25: =BQ25*BR25-BS25 -> 36 | BW25: Limão | BY25: 2 | BZ25: 3 | CB25: =BY25*BZ25-CA25 -> 6 | CE25: Coca z 2L | CG25: 9 | CH25: 6.79 | CI25: 2.7 | CJ25: =(CG25*CH25)-CI25 -> 58.41 | CM25: Batata doce | CO25: 5 | CP25: 4 | CR25: =CO25*CP25-CQ25 -> 20 | CT25: Dinheiro | CU25: TOTAL | CZ25: =SUM(CZ22:CZ24) -> 186 | DK25: Limão | DM25: 2.5 | DN25: 3 | DP25: =DM25*DN25-DO25 -> 7.5 | DS25: Cebolinha | DU25: 4 | DV25: 1.95 | DX25: =(DU25*DV25)-DW25 -> 7.8 | DZ25: 45126 | EA25: ITEM | EB25: MARCA | EC25: QNT. | ED25: R$ UND. | EE25: DESC. | EF25: TOTAL | EH25: 45132 | EI25: ITEM | EJ25: MARCA | EK25: QNT. | EL25: R$ UND. | EM25: DESC. | EN25: TOTAL | EQ25: Batata doce | ES25: 5 | ET25: 4 | EV25: =ES25*ET25-EU25 -> 20 | EY25: Papel Pardo | FA25: 1 | FB25: 15.9 | FC25: 4 | FD25: =(FA25*FB25)-FC25 -> 11.9 | FG25: Coca mine | FI25: 2 | FJ25: 11.34 | FL25: =(FI25*FJ25)-FK25 -> 22.68
K26: Bombril | M26: 5 | N26: 2.56 | P26: =(M26*N26)-O26 -> 12.8 | S26: Batata doce | U26: 1 | V26: 35 | X26: =U26*V26-W26 -> 35 | AA26: Limão | AC26: 1.29 | AD26: 2.99 | AE26: 1.29 | AF26: =(AC26*AD26)-AE26 -> 2.5671 | AI26: Garfo forte | AK26: 1 | AL26: 80 | AN26: =(AK26*AL26)-AM26 -> 80 | AQ26: Barra cupuaçu | AS26: 5 | AT26: 9.6 | AV26: =(AS26*AT26)-AU26 -> 48 | AY26: Bisc. Passatempo | BA26: 7 | BB26: 2.99 | BC26: 2.8 | BD26: =(BA26*BB26)-BC26 -> 18.13 | BO26: Laranja | BQ26: 1 | BR26: 40 | BT26: =BQ26*BR26-BS26 -> 40 | BW26: Repolho | BY26: 2 | BZ26: 8 | CB26: =BY26*BZ26-CA26 -> 16 | CE26: Feijão carioca | CG26: 10 | CH26: 6.99 | CJ26: =(CG26*CH26)-CI26 -> 69.9 | CM26: Repolho | CO26: 2 | CP26: 8 | CR26: =CO26*CP26-CQ26 -> 16 | DB26: 45105 | DC26: ITEM | DD26: MARCA | DE26: QNT. | DF26: R$ UND. | DG26: DESC. | DH26: TOTAL | DK26: Banana | DM26: 1 | DN26: 50 | DP26: =DM26*DN26-DO26 -> 50 | DS26: Tomate | DU26: 5.305 | DV26: 6.9 | DX26: =(DU26*DV26)-DW26 -> 36.6045 | DZ26: Sobradinho Carnes | EA26: Pernil | EC26: 15.225 | ED26: 14.99 | EF26: =(EC26*ED26)-EE26 -> 228.22275 | EH26: Levo | EI26: Batata | EK26: 12 | EL26: 10.99 | EN26: =(EK26*EL26)-EM26 -> 131.88 | EQ26: Pepino | ES26: 3 | ET26: 6 | EV26: =ES26*ET26-EU26 -> 18 | EY26: Papel Pardo | FA26: 2 | FB26: 24.9 | FC26: 2.8 | FD26: =(FA26*FB26)-FC26 -> 47 | FG26: Coca lata | FI26: 1 | FJ26: 28.2 | FL26: =(FI26*FJ26)-FK26 -> 28.2
B27: 45014 | C27: ITEM | D27: MARCA | E27: QNT. | F27: R$ UND. | G27: DESC. | H27: TOTAL | K27: Sal | M27: 3 | N27: 1.69 | P27: =(M27*N27)-O27 -> 5.07 | S27: Cebolinha | U27: 10 | V27: 3 | X27: =U27*V27-W27 -> 30 | AA27: Pimenta | AC27: 0.085 | AD27: 18.9 | AF27: =(AC27*AD27)-AE27 -> 1.6065 | AI27: Saco papel pardo | AK27: 1 | AL27: 15 | AN27: =(AK27*AL27)-AM27 -> 15 | AP27: ? | AQ27: TOTAL | AV27: =SUM(AV25:AV26) -> 105.5 | AY27: Pirulito | BA27: 3 | BB27: 11.98 | BD27: =(BA27*BB27)-BC27 -> 35.94 | BF27: 45061 | BG27: ITEM | BH27: MARCA | BI27: QNT. | BJ27: R$ UND. | BK27: DESC. | BL27: TOTAL | BO27: Batata doce | BQ27: 5 | BR27: 4.5 | BT27: =BQ27*BR27-BS27 -> 22.5 | BV27: dinheiro | BW27: TOTAL | CB27: =SUM(CB16:CB26) -> 178 | CD27: Crédito | CE27: TOTAL | CJ27: =SUM(CJ4:CJ26) -> 1022.49 | CM27: Alface | CO27: 1 | CP27: 30 | CR27: =CO27*CP27-CQ27 -> 30 | CT27: 45097 | CU27: ITEM | CV27: MARCA | CW27: QNT. | CX27: R$ UND. | CY27: DESC. | CZ27: TOTAL | DB27: Araki comercio | DC27: Barra açai | DE27: 10 | DF27: 14.6 | DH27: =(DE27*DF27)-DG27 -> 146 | DJ27: dinheiro | DK27: TOTAL | DP27: =SUM(DP13:DP26) -> 367.5 | DS27: Laranja | DU27: 1 | DV27: 12.75 | DX27: =(DU27*DV27)-DW27 -> 12.75 | EA27: Coxaõ mole | EC27: 23.615 | ED27: 27.99 | EF27: =(EC27*ED27)-EE27 -> 660.98385 | EI27: Coxa S/coxa | EK27: 18 | EL27: 6.2 | EN27: =(EK27*EL27)-EM27 -> 111.6 | EQ27: Alface | ES27: 1 | ET27: 25 | EV27: =ES27*ET27-EU27 -> 25 | EY27: Toalha Americana | FA27: 1 | FB27: 25.9 | FC27: 2.02 | FD27: =(FA27*FB27)-FC27 -> 23.88 | FG27: Coca 2L | FI27: 9 | FJ27: 7.69 | FL27: =(FI27*FJ27)-FK27 -> 69.21
B28: Finos salgados | C28: Salgados | E28: 40 | F28: 2.75 | H28: =(E28*F28)-G28 -> 110 | K28: Flocão | M28: 5 | N28: 1.79 | O28: 0.5 | P28: =(M28*N28)-O28 -> 8.45 | S28: Couve | U28: 15 | V28: 3 | X28: =U28*V28-W28 -> 45 | AA28: Batata doce | AC28: 7.8 | AD28: 2.99 | AE28: 15.6 | AF28: =(AC28*AD28)-AE28 -> 7.722 | AH28: ? | AI28: TOTAL | AN28: =SUM(AN20:AN27,) -> 379.9 | AY28: Paçoquinha | BA28: 2 | BB28: 23.89 | BD28: =(BA28*BB28)-BC28 -> 47.78 | BF28: estaçaõ dos frios | BG28: Mussarela | BI28: 4.128 | BJ28: 36.9 | BL28: =(BI28*BJ28)-BK28 -> 152.3232 | BO28: Alface | BQ28: 1 | BR28: 35 | BT28: =BQ28*BR28-BS28 -> 35 | CM28: Cebolinha | CO28: 10 | CP28: 2 | CR28: =CO28*CP28-CQ28 -> 20 | CT28: Finos salgados | CU28: Salgados | CW28: 65 | CX28: 2.75 | CZ28: =(CW28*CX28)-CY28 -> 178.75 | DB28: ? | DC28: TOTAL | DH28: =SUM(DH27:DH27) -> 146 | DS28: Cebola | DU28: 3.52 | DV28: 3.45 | DX28: =(DU28*DV28)-DW28 -> 12.144 | EA28: Musculo | EC28: 5.726 | ED28: 22.99 | EF28: =(EC28*ED28)-EE28 -> 131.64074 | EH28: ? | EI28: TOTAL | EN28: =SUM(EN26:EN27) -> 243.48 | EQ28: Alho desc | ES28: 3 | ET28: 15 | EV28: =ES28*ET28-EU28 -> 45 | EY28: Saco hamburgao | FA28: 2 | FB28: 5.9 | FC28: 2 | FD28: =(FA28*FB28)-FC28 -> 9.8 | FG28: Feijão | FI28: 1 | FJ28: 52.9 | FL28: =(FI28*FJ28)-FK28 -> 52.9
B29: ? | C29: TOTAL | H29: =SUM(H28:H28) -> 110 | K29: Caldo | M29: 2 | N29: 9.9 | P29: =(M29*N29)-O29 -> 19.8 | S29: Repolho Roxo | U29: 2 | V29: 8 | X29: =U29*V29-W29 -> 16 | AA29: Cebola | AC29: 8.36 | AD29: 3.99 | AF29: =(AC29*AD29)-AE29 -> 33.3564 | AP29: 45049 | AQ29: ITEM | AR29: MARCA | AS29: QNT. | AT29: R$ UND. | AU29: DESC. | AV29: TOTAL | AY29: Sprite 500 | BA29: 12 | BB29: 2.99 | BD29: =(BA29*BB29)-BC29 -> 35.88 | BG29: Presunto | BI29: 4.11 | BJ29: 23.5 | BL29: =(BI29*BJ29)-BK29 -> 96.585 | BO29: Cenoura | BQ29: 1 | BR29: 14 | BT29: =BQ29*BR29-BS29 -> 14 | BV29: 45078 | BW29: ITEM | BX29: MARCA | BY29: QNT. | BZ29: R$ UND. | CA29: DESC. | CB29: TOTAL | CD29: 45082 | CE29: ITEM | CF29: MARCA | CG29: QNT. | CH29: R$ UND. | CI29: DESC. | CJ29: TOTAL | CM29: Couve | CO29: 10 | CP29: 3 | CR29: =CO29*CP29-CQ29 -> 30 | CT29: Dinheiro | CU29: TOTAL | CZ29: =SUM(CZ28:CZ28) -> 178.75 | DJ29: 45111 | DK29: ITEM | DL29: MARCA | DM29: QNT. | DN29: R$ UND. | DO29: DESC. | DP29: TOTAL | DS29: Detergente | DU29: 2 | DV29: 11.94 | DX29: =(DU29*DV29)-DW29 -> 23.88 | DZ29: Crédito | EA29: TOTAL | EF29: =SUM(EF26:EF28) -> 1020.8473 | EQ29: Cebolinha | ES29: 5 | ET29: 3 | EV29: =ES29*ET29-EU29 -> 15 | EY29: PT 102 | FA29: 2 | FB29: 38.7 | FC29: 2 | FD29: =(FA29*FB29)-FC29 -> 75.4 | FG29: Arroz | FI29: 6 | FJ29: 21.9 | FK29: 6 | FL29: =(FI29*FJ29)-FK29 -> 125.4
K30: Tempero | M30: 4 | N30: 4.89 | P30: =(M30*N30)-O30 -> 19.56 | U30: 1 | V30: 40 | X30: =U30*V30-W30 -> 40 | AA30: Abobora | AC30: 2.46 | AD30: 2.99 | AF30: =(AC30*AD30)-AE30 -> 7.3554 | AH30: 45041 | AI30: ITEM | AJ30: MARCA | AK30: QNT. | AL30: R$ UND. | AM30: DESC. | AN30: TOTAL | AP30: Fortes Embalagens | AQ30: PT 102 | AS30: 2 | AT30: 42 | AU30: 8 | AV30: =(AS30*AT30)-AU30 -> 76 | AY30: Guarana lata | BA30: 15 | BB30: 2.49 | BD30: =(BA30*BB30)-BC30 -> 37.35 | BF30: Crédito | BG30: TOTAL | BL30: =SUM(BL28:BL29) -> 248.9082 | BN30: dinheiro | BO30: TOTAL | BT30: =SUM(BT17:BT29) -> 342.5 | BV30: Fortes Embalagens | BW30: PT 102 | BY30: 2 | BZ30: 38 | CB30: =(BY30*BZ30)-CA30 -> 76 | CD30: estaçaõ dos frios | CE30: Mussarela | CG30: 3.128 | CH30: 36.9 | CJ30: =(CG30*CH30)-CI30 -> 115.4232 | CM30: Alho desc | CO30: 3 | CP30: 12 | CR30: =CO30*CP30-CQ30 -> 36 | DB30: 45105 | DC30: ITEM | DD30: MARCA | DE30: QNT. | DF30: R$ UND. | DG30: DESC. | DH30: TOTAL | DJ30: Natural Brasil | DK30: Granola | DM30: 1 | DN30: 10.8 | DP30: =(DM30*DN30)-DO30 -> 10.8 | DS30: Esponja | DU30: 1 | DV30: 6.9 | DX30: =(DU30*DV30)-DW30 -> 6.9 | EH30: 45132 | EI30: ITEM | EJ30: MARCA | EK30: QNT. | EL30: R$ UND. | EM30: DESC. | EN30: TOTAL | EQ30: Cheiro verde | ES30: 2 | ET30: 3 | EV30: =ES30*ET30-EU30 -> 6 | EX30: Dinheiro | EY30: TOTAL | FD30: =SUM(FD23:FD29) -> 196.86 | FG30: Cenoura | FI30: 6.165 | FJ30: 3.99 | FL30: =(FI30*FJ30)-FK30 -> 24.59835
B31: 45014 | C31: ITEM | D31: MARCA | E31: QNT. | F31: R$ UND. | G31: DESC. | H31: TOTAL | K31: Batata palha | M31: 4 | N31: 16.98 | P31: =(M31*N31)-O31 -> 67.92 | S31: Alface | U31: 1 | V31: 55 | X31: =U31*V31-W31 -> 55 | AA31: Pão de froma | AC31: 4 | AD31: 5.39 | AF31: =(AC31*AD31)-AE31 -> 21.56 | AH31: CEASA | AI31: Tomate | AK31: 1 | AL31: 60 | AN31: =AK31*AL31-AM31 -> 60 | AQ31: Mexedor de drink | AS31: 2 | AT31: 4.99 | AU31: 1 | AV31: =(AS31*AT31)-AU31 -> 8.98 | AY31: Coca 2l | BA31: 9 | BB31: 7.19 | BD31: =(BA31*BB31)-BC31 -> 64.71 | BW31: Touca | BY31: 1 | BZ31: 12.9 | CB31: =(BY31*BZ31)-CA31 -> 12.9 | CE31: Presunto | CG31: 3.4 | CH31: 23.5 | CJ31: =(CG31*CH31)-CI31 -> 79.9 | CM31: Abobora | CO31: 1 | CP31: 45 | CR31: =CO31*CP31-CQ31 -> 45 | CT31: 45098 | CU31: ITEM | CV31: MARCA | CW31: QNT. | CX31: R$ UND. | CY31: DESC. | CZ31: TOTAL | DB31: Atacadão | DC31: Banana prata | DE31: 7.75 | DF31: 2.95 | DH31: =(DE31*DF31)-DG31 -> 22.8625 | DK31: Amendoim farofa | DM31: 1 | DN31: 17.2 | DP31: =(DM31*DN31)-DO31 -> 17.2 | DS31: Bombril | DU31: 4 | DV31: 2.39 | DX31: =(DU31*DV31)-DW31 -> 9.56 | DZ31: 45127 | EA31: ITEM | EB31: MARCA | EC31: QNT. | ED31: R$ UND. | EE31: DESC. | EF31: TOTAL | EH31: Atacadão | EI31: Sal | EK31: 1 | EL31: 1.75 | EN31: =(EK31*EL31)-EM31 -> 1.75 | EP31: dinheiro | EQ31: TOTAL | EV31: =SUM(EV18:EV30) -> 340 | FG31: Batata doce | FI31: 5.51 | FJ31: 2.99 | FL31: =(FI31*FJ31)-FK31 -> 16.4749
B32: Atacadão | C32: Laranja | E32: 1 | F32: 13.5 | H32: =E32*F32-G32 -> 13.5 | K32: Pão de forma | M32: 2 | N32: 4.29 | P32: =(M32*N32)-O32 -> 8.58 | R32: ? | S32: TOTAL | X32: =SUM(X22:X31) -> 421 | AA32: Linguiça | AC32: 1 | AD32: 39.5 | AF32: =(AC32*AD32)-AE32 -> 39.5 | AI32: Cenoura | AK32: 1 | AL32: 60 | AN32: =AK32*AL32-AM32 -> 60 | AQ32: Toalha americana | AS32: 2 | AT32: 25.9 | AU32: 5.2 | AV32: =(AS32*AT32)-AU32 -> 46.6 | AY32: Catchup | BA32: 2 | BB32: 7.59 | BD32: =(BA32*BB32)-BC32 -> 15.18 | BF32: 45061 | BG32: ITEM | BH32: MARCA | BI32: QNT. | BJ32: R$ UND. | BK32: DESC. | BL32: TOTAL | BN32: 45070 | BO32: ITEM | BP32: MARCA | BQ32: QNT. | BR32: R$ UND. | BS32: DESC. | BT32: TOTAL | BW32: Garrafa 300ml | BY32: 1 | BZ32: 55 | CB32: =(BY32*BZ32)-CA32 -> 55 | CD32: Crédito | CE32: TOTAL | CJ32: =SUM(CJ30:CJ31) -> 195.3232 | CL32: dinheiro | CM32: TOTAL | CR32: =SUM(CR20:CR31) -> 372 | CT32: Levo | CU32: Batata frita | CW32: 12 | CX32: 10.99 | CZ32: =(CW32*CX32)-CY32 -> 131.88 | DC32: Refresco | DE32: 3 | DF32: 4.99 | DH32: =(DE32*DF32)-DG32 -> 14.97 | DK32: Alfajor | DM32: 1 | DN32: 3.5 | DP32: =(DM32*DN32)-DO32 -> 3.5 | DS32: Sabão em po | DU32: 2 | DV32: 12.9 | DX32: =(DU32*DV32)-DW32 -> 25.8 | DZ32: Atacadão | EA32: Alface | EC32: 10 | ED32: 0.99 | EF32: =(EC32*ED32)-EE32 -> 9.9 | EI32: Comp. Lacteo | EK32: 5 | EL32: 8.49 | EM32: 2.5 | EN32: =(EK32*EL32)-EM32 -> 39.95 | EX32: 45145 | EY32: ITEM | EZ32: MARCA | FA32: QNT. | FB32: R$ UND. | FC32: DESC. | FD32: TOTAL | FG32: Tomate | FI32: 4.55 | FJ32: 5.99 | FL32: =(FI32*FJ32)-FK32 -> 27.2545
C33: Polvilho | E33: 2 | F33: 8.39 | H33: =E33*F33-G33 -> 16.78 | K33: Chiclete | M33: 4 | N33: 6.89 | P33: =(M33*N33)-O33 -> 27.56 | AA33: Coca mine | AC33: 2 | AD33: 10.74 | AF33: =(AC33*AD33)-AE33 -> 21.48 | AI33: Abobora | AK33: 1 | AL33: 45 | AN33: =AK33*AL33-AM33 -> 45 | AQ33: Saco lixo 200 | AS33: 1 | AT33: 59 | AU33: 4 | AV33: =(AS33*AT33)-AU33 -> 55 | AY33: Maionese sache | BA33: 1 | BB33: 11.89 | BD33: =(BA33*BB33)-BC33 -> 11.89 | BF33: Dist. Coelho | BG33: Alface | BI33: 1 | BJ33: 35 | BL33: =(BI33*BJ33)-BK33 -> 35 | BN33: D' Ouro minas | BO33: Pão de queijo Trad. | BQ33: 3 | BR33: 12 | BT33: =(BQ33*BR33)-BS33 -> 36 | BV33: ? | BW33: TOTAL | CB33: =SUM(CB30:CB32) -> 143.9 | CT33: ? | CU33: TOTAL | CZ33: =SUM(CZ32:CZ32) -> 131.88 | DC33: Suco nutrinectar | DE33: 40 | DF33: 1.29 | DH33: =(DE33*DF33)-DG33 -> 51.6 | DJ33: ? | DK33: TOTAL | DP33: =SUM(DP30:DP32) -> 31.5 | DS33: Limp Zupp | DU33: 4 | DV33: 2.9 | DW33: 0.44 | DX33: =(DU33*DV33)-DW33 -> 11.16 | EA33: Tomate | ED33: 5.99 | EF33: =(EC33*ED33)-EE33 -> 0 | EI33: Flocao | EK33: 6 | EL33: 1.69 | EM33: 1.2 | EN33: =(EK33*EL33)-EM33 -> 8.94 | EP33: 45140 | EQ33: ITEM | ER33: MARCA | ES33: QNT. | ET33: R$ UND. | EU33: DESC. | EV33: TOTAL | EX33: Atacadão | EY33: Alface | FA33: 12 | FB33: 1.95 | FC33: 11.52 | FD33: =FA33*FB33-FC33 -> 11.88 | FG33: Cebola | FI33: 7.205 | FJ33: 2.99 | FL33: =(FI33*FJ33)-FK33 -> 21.54295
C34: Farinha Mand | E34: 10 | F34: 7.29 | G34: 4 | H34: =E34*F34-G34 -> 68.9 | K34: Bala Freegel | M34: 3 | N34: 7.59 | P34: =(M34*N34)-O34 -> 22.77 | R34: 45028 | S34: ITEM | T34: MARCA | U34: QNT. | V34: R$ UND. | W34: DESC. | X34: TOTAL | AA34: Extrato de tomate | AC34: 2 | AD34: 12.85 | AF34: =(AC34*AD34)-AE34 -> 25.7 | AI34: Repolho | AK34: 4 | AL34: 8 | AN34: =AK34*AL34-AM34 -> 32 | AQ34: Saco papel pardo | AS34: 1 | AT34: 24.9 | AU34: 1.9 | AV34: =(AS34*AT34)-AU34 -> 23 | AY34: Hamburguer | BA34: 2 | BB34: 37.9 | BD34: =(BA34*BB34)-BC34 -> 75.8 | BG34: Tomate | BI34: 1 | BJ34: 140 | BL34: =(BI34*BJ34)-BK34 -> 140 | BO34: Pão de queijo Lanche | BQ34: 5 | BR34: 12 | BT34: =(BQ34*BR34)-BS34 -> 60 | CD34: 45083 | CE34: ITEM | CF34: MARCA | CG34: QNT. | CH34: R$ UND. | CI34: DESC. | CJ34: TOTAL | CL34: 45091 | CM34: ITEM | CN34: MARCA | CO34: QNT. | CP34: R$ UND. | CQ34: DESC. | CR34: TOTAL | DC34: Guarana caçulinha | DE34: 12 | DF34: 1.89 | DG34: 1.2 | DH34: =(DE34*DF34)-DG34 -> 21.48 | DS34: Agua sanitaria | DU34: 1 | DV34: 9.75 | DX34: =(DU34*DV34)-DW34 -> 9.75 | EA34: Bombril | EC34: 2 | ED34: 2.65 | EF34: =(EC34*ED34)-EE34 -> 5.3 | EI34: Tempero arisco | EK34: 4 | EL34: 4.99 | EN34: =(EK34*EL34)-EM34 -> 19.96 | EP34: Friatto | EQ34: Linguiça de frango | ES34: 20 | ET34: 14.99 | EV34: =(ES34*ET34)-EU34 -> 299.8 | EY34: Cebolinha | FA34: 4 | FB34: 1.99 | FC34: 4 | FD34: =FA34*FB34-FC34 -> 3.96 | FG34: Abobora | FI34: 5.265 | FJ34: 1.59 | FL34: =(FI34*FJ34)-FK34 -> 8.37135
C35: Coca mine | E35: 1 | F35: 10.74 | H35: =E35*F35-G35 -> 10.74 | K35: Bombom | M35: 2 | N35: 44.98 | P35: =(M35*N35)-O35 -> 89.96 | R35: Prat´s | S35: Brownie Avela | U35: 1 | V35: 40 | X35: =U35*V35-W35 -> 40 | AA35: Agua sanitaria | AC35: 1 | AD35: 12.49 | AF35: =(AC35*AD35)-AE35 -> 12.49 | AI35: Acelga | AK35: 2 | AL35: 5 | AN35: =AK35*AL35-AM35 -> 10 | AQ35: Saco hamburguer | AS35: 1 | AT35: 22 | AU35: 2 | AV35: =(AS35*AT35)-AU35 -> 20 | AY35: Linguiça | BA35: 1 | BB35: 42 | BD35: =(BA35*BB35)-BC35 -> 42 | BG35: Abobora | BI35: 1 | BJ35: 45 | BL35: =(BI35*BJ35)-BK35 -> 45 | BO35: Salgado Comum | BQ35: 45 | BR35: 3 | BT35: =(BQ35*BR35)-BS35 -> 135 | BV35: 45078 | BW35: ITEM | BX35: MARCA | BY35: QNT. | BZ35: R$ UND. | CA35: DESC. | CB35: TOTAL | CD35: Fortes Embalagens | CE35: Copo 180 ml | CG35: 1 | CH35: 125 | CI35: 12.5 | CJ35: =(CG35*CH35)-CI35 -> 112.5 | CL35: Assai | CM35: Schweppes lata | CO35: 6 | CP35: 2.79 | CQ35: 0.6 | CR35: =CO35*CP35-CQ35 -> 16.14 | CT35: 45098 | CU35: ITEM | CV35: MARCA | CW35: QNT. | CX35: R$ UND. | CY35: DESC. | CZ35: TOTAL | DC35: Laranja | DE35: 1 | DF35: 39.8 | DH35: =(DE35*DF35)-DG35 -> 39.8 | DJ35: 45111 | DK35: ITEM | DL35: MARCA | DM35: QNT. | DN35: R$ UND. | DO35: DESC. | DP35: TOTAL | DS35: Sal | DU35: 2 | DV35: 15.29 | DX35: =(DU35*DV35)-DW35 -> 30.58 | EA35: Oleo | EC35: 1 | ED35: 29.88 | EF35: =(EC35*ED35)-EE35 -> 29.88 | EI35: Cebola | EK35: 10.345 | EL35: 3.45 | EN35: =(EK35*EL35)-EM35 -> 35.69025 | EP35: ? | EQ35: TOTAL | EV35: =SUM(EV34:EV34) -> 299.8 | EY35: Pimenta | FA35: 0.08 | FB35: 11.9 | FD35: =FA35*FB35-FC35 -> 0.952 | FG35: Repolho | FI35: 3.48 | FJ35: 4.55 | FL35: =(FI35*FJ35)-FK35 -> 15.834
C36: Coca Z mine | E36: 2 | F36: 11.34 | H36: =E36*F36-G36 -> 22.68 | K36: Pirulito | M36: 3 | N36: 11.98 | P36: =(M36*N36)-O36 -> 35.94 | S36: Brownie MA | U36: 20 | V36: 4 | X36: =U36*V36-W36 -> 80 | AA36: Polvilho | AC36: 3 | AD36: 8.39 | AF36: =(AC36*AD36)-AE36 -> 25.17 | AI36: Couve | AK36: 10 | AL36: 3 | AN36: =AK36*AL36-AM36 -> 30 | AQ36: Guardanapo | AS36: 1 | AT36: 89 | AU36: 8.9 | AV36: =(AS36*AT36)-AU36 -> 80.1 | AY36: Batata | BA36: 8 | BB36: 22.5 | BD36: =(BA36*BB36)-BC36 -> 180 | BG36: Batata doce | BI36: 1 | BJ36: 30 | BL36: =(BI36*BJ36)-BK36 -> 30 | BN36: Dinheiro | BO36: TOTAL | BT36: =SUM(BT33:BT35) -> 231 | BV36: D' Ouro minas | BW36: Pão de queijo Trad. | BY36: 3 | BZ36: 12 | CB36: =(BY36*BZ36)-CA36 -> 36 | CE36: Copo 200ml | CG36: 1 | CH36: 129 | CI36: 12.9 | CJ36: =(CG36*CH36)-CI36 -> 116.1 | CM36: Coca lata | CO36: 60 | CP36: 2.49 | CQ36: 12 | CR36: =CO36*CP36-CQ36 -> 137.4 | CT36: Fortes Embalagens | CU36: Pote 500ml | CW36: 2 | CX36: 14.9 | CY36: 2.98 | CZ36: =(CW36*CX36)-CY36 -> 26.82 | DC36: Coca lata | DE36: 6 | DF36: 2.49 | DG36: 1.2 | DH36: =(DE36*DF36)-DG36 -> 13.74 | DJ36: Kika frutas | DK36: Laranja | DM36: 1 | DN36: 40 | DP36: =(DM36*DN36)-DO36 -> 40 | DS36: Sal piramid | DU36: 2 | DV36: 1.75 | DX36: =(DU36*DV36)-DW36 -> 3.5 | EA36: Coca lata | EC36: 1 | ED36: 13.74 | EF36: =(EC36*ED36)-EE36 -> 13.74 | EI36: Sal lebre | EK36: 1 | EL36: 15.29 | EN36: =(EK36*EL36)-EM36 -> 15.29 | EY36: Tomate | FA36: 9.828 | FB36: 5.85 | FD36: =FA36*FB36-FC36 -> 57.4938 | FG36: Couve | FI36: 4 | FJ36: 0.99 | FL36: =(FI36*FJ36)-FK36 -> 3.96
C37: Creme de leite | E37: 1 | F37: 64.56 | H37: =E37*F37-G37 -> 64.56 | K37: Coca lata | M37: 3 | N37: 25.08 | P37: =(M37*N37)-O37 -> 75.24 | S37: Brownie Cookie | U37: 10 | V37: 4 | X37: =U37*V37-W37 -> 40 | AA37: Flocão | AC37: 4 | AD37: 1.79 | AF37: =(AC37*AD37)-AE37 -> 7.16 | AI37: Alface | AK37: 1 | AL37: 45 | AN37: =AK37*AL37-AM37 -> 45 | AQ37: Garrafa 300ml | AS37: 1 | AT37: 59.9 | AU37: 4.9 | AV37: =(AS37*AT37)-AU37 -> 55 | AX37: Crédito | AY37: TOTAL | BD37: =SUM(BD14:BD36) -> 670.37395 | BG37: Cenoura | BI37: 1 | BJ37: 100 | BL37: =(BI37*BJ37)-BK37 -> 100 | BW37: Pão de queijo Lanche | BY37: 5 | BZ37: 12 | CB37: =(BY37*BZ37)-CA37 -> 60 | CE37: Copo 300ml | CG37: 1 | CH37: 175 | CI37: 17.5 | CJ37: =(CG37*CH37)-CI37 -> 157.5 | CM37: Fanta Laranja 500 | CO37: 6 | CP37: 3.99 | CQ37: 0.6 | CR37: =CO37*CP37-CQ37 -> 23.34 | CU37: PT 102 | CW37: 2 | CX37: 42 | CY37: 8 | CZ37: =(CW37*CX37)-CY37 -> 76 | DC37: Fanta Laranja lata | DE37: 6 | DF37: 2.59 | DG37: 0.6 | DH37: =(DE37*DF37)-DG37 -> 14.94 | DJ37: Crédito | DK37: TOTAL | DP37: =SUM(DP36:DP36) -> 40 | DS37: Amido de milho | DU37: 1 | DV37: 7.99 | DX37: =(DU37*DV37)-DW37 -> 7.99 | EA37: Base culianria | EC37: 1 | ED37: 107.88 | EF37: =(EC37*ED37)-EE37 -> 107.88 | EI37: Kit uau | EK37: 1 | EL37: 12.9 | EN37: =(EK37*EL37)-EM37 -> 12.9 | EP37: 45140 | EQ37: ITEM | ER37: MARCA | ES37: QNT. | ET37: R$ UND. | EU37: DESC. | EV37: TOTAL | EY37: Agua | FA37: 12 | FB37: 1.19 | FD37: =FA37*FB37-FC37 -> 14.28 | FG37: Alface | FI37: 12 | FJ37: 0.99 | FL37: =(FI37*FJ37)-FK37 -> 11.88
C38: Hamburguer | E38: 3 | F38: 34.5 | H38: =E38*F38-G38 -> 103.5 | K38: Coca mine | M38: 4 | N38: 10.74 | P38: =(M38*N38)-O38 -> 42.96 | S38: Brownie M&M | U38: 10 | V38: 4 | X38: =U38*V38-W38 -> 40 | AA38: Feijão carioca | AC38: 20 | AD38: 7.99 | AF38: =(AC38*AD38)-AE38 -> 159.8 | AI38: Cebolinha | AK38: 10 | AL38: 3 | AN38: =AK38*AL38-AM38 -> 30 | AP38: ? | AQ38: TOTAL | AV38: =SUM(AV30:AV37,) -> 364.68 | BG38: Acelga | BI38: 1 | BJ38: 5 | BL38: =(BI38*BJ38)-BK38 -> 5 | BN38: 45070 | BO38: ITEM | BP38: MARCA | BQ38: QNT. | BR38: R$ UND. | BS38: DESC. | BT38: TOTAL | BW38: Salgado Comum | BY38: 45 | BZ38: 3 | CB38: =(BY38*BZ38)-CA38 -> 135 | CD38: ? | CE38: TOTAL | CJ38: =SUM(CJ35:CJ37) -> 386.1 | CM38: Fanta Uva 500 | CO38: 6 | CP38: 3.99 | CQ38: 0.6 | CR38: =CO38*CP38-CQ38 -> 23.34 | CT38: ? | CU38: TOTAL | CZ38: =SUM(CZ36:CZ37) -> 102.82 | DC38: Fanta Uva lata | DE38: 6 | DF38: 2.59 | DG38: 0.6 | DH38: =(DE38*DF38)-DG38 -> 14.94 | DS38: Pão de forma | DU38: 4 | DV38: 5.99 | DX38: =(DU38*DV38)-DW38 -> 23.96 | EA38: Coca lata | EC38: 2 | ED38: 29.88 | EF38: =(EC38*ED38)-EE38 -> 59.76 | EI38: Maionese | EK38: 1 | EL38: 15.9 | EN38: =(EK38*EL38)-EM38 -> 15.9 | EP38: Levo | EQ38: Batata | ES38: 12 | ET38: 10.99 | EV38: =(ES38*ET38)-EU38 -> 131.88 | EY38: Coca 600 | FA38: 15 | FB38: 3.99 | FD38: =FA38*FB38-FC38 -> 59.85 | FG38: Banana | FI38: 9.82 | FJ38: 0.99 | FL38: =(FI38*FJ38)-FK38 -> 9.7218
B39: Crédito | C39: TOTAL | H39: =SUM(H32:H38) -> 300.66 | K39: Sprite mine | M39: 1 | N39: 4.74 | P39: =(M39*N39)-O39 -> 4.74 | S39: Prats Laranja | U39: 1 | V39: 41.4 | X39: =U39*V39-W39 -> 41.4 | AA39: Arroz | AC39: 6 | AD39: 21.49 | AE39: 15.54 | AF39: =(AC39*AD39)-AE39 -> 113.4 | AI39: Batata | AK39: 1 | AL39: 75 | AN39: =AK39*AL39-AM39 -> 75 | AX39: 45055 | AY39: ITEM | AZ39: MARCA | BA39: QNT. | BB39: R$ UND. | BC39: DESC. | BD39: TOTAL | BG39: Repolho Roxo | BI39: 1 | BJ39: 8 | BL39: =(BI39*BJ39)-BK39 -> 8 | BN39: Atacadão | BO39: Pão de forma | BQ39: 2 | BR39: 5.89 | BT39: =BQ39*BR39-BS39 -> 11.78 | BV39: Dinheiro | BW39: TOTAL | CB39: =SUM(CB36:CB38) -> 231 | CM39: Coca 600 | CO39: 30 | CP39: 3.89 | CR39: =CO39*CP39-CQ39 -> 116.7 | DC39: Schwepes lata | DE39: 1 | DF39: 17.34 | DH39: =(DE39*DF39)-DG39 -> 17.34 | DJ39: 45111 | DK39: ITEM | DL39: MARCA | DM39: QNT. | DN39: R$ UND. | DO39: DESC. | DP39: TOTAL | DS39: Fanta uva lata | DU39: 2 | DV39: 14.94 | DX39: =(DU39*DV39)-DW39 -> 29.88 | EA39: Coca mine | EC39: 4 | ED39: 11.34 | EF39: =(EC39*ED39)-EE39 -> 45.36 | EI39: Catchup | EK39: 2 | EL39: 12.59 | EN39: =(EK39*EL39)-EM39 -> 25.18 | EQ39: Coxa S/coxa | ES39: 18 | ET39: 6.4 | EV39: =(ES39*ET39)-EU39 -> 115.2 | EY39: Arroz | FA39: 6 | FB39: 18.99 | FD39: =FA39*FB39-FC39 -> 113.94 | FG39: Café | FI39: 1 | FJ39: 13.99 | FL39: =(FI39*FJ39)-FK39 -> 13.99
K40: Coca Z mine | M40: 2 | N40: 10.74 | P40: =(M40*N40)-O40 -> 21.48 | S40: Prat´s L/acerola | U40: 1 | V40: 42 | X40: =U40*V40-W40 -> 42 | AA40: Creme de leite | AC40: 3 | AD40: 80.73 | AF40: =(AC40*AD40)-AE40 -> 242.19 | AI40: Maracuja | AK40: 1 | AL40: 50 | AN40: =AK40*AL40-AM40 -> 50 | AP40: 45049 | AQ40: ITEM | AR40: MARCA | AS40: QNT. | AT40: R$ UND. | AU40: DESC. | AV40: TOTAL | AX40: Kika frutas | AY40: Laranja | BA40: 1 | BB40: 45 | BD40: =(BA40*BB40)-BC40 -> 45 | BG40: Repolho Branco | BI40: 1 | BJ40: 8 | BL40: =(BI40*BJ40)-BK40 -> 8 | BO40: Batata palha | BQ40: 3 | BR40: 18.89 | BT40: =BQ40*BR40-BS40 -> 56.67 | CD40: 45083 | CE40: ITEM | CF40: MARCA | CG40: QNT. | CH40: R$ UND. | CI40: DESC. | CJ40: TOTAL | CL40: Crédito | CM40: TOTAL | CR40: =SUM(CR35:CR39) -> 316.92 | CT40: 45098 | CU40: ITEM | CV40: MARCA | CW40: QNT. | CX40: R$ UND. | CY40: DESC. | CZ40: TOTAL | DC40: Fanta laranja 500 | DE40: 6 | DF40: 3.99 | DH40: =(DE40*DF40)-DG40 -> 23.94 | DJ40: Fortes Embalagens | DK40: Garfo | DM40: 1 | DN40: 75 | DP40: =(DM40*DN40)-DO40 -> 75 | DS40: Fanta mine | DU40: 3 | DV40: 11.34 | DX40: =(DU40*DV40)-DW40 -> 34.02 | EA40: Coca 600 | EC40: 15 | ED40: 3.79 | EF40: =(EC40*ED40)-EE40 -> 56.85 | EI40: Paçoquinha | EK40: 1 | EL40: 32.9 | EN40: =(EK40*EL40)-EM40 -> 32.9 | EQ40: Filé de peito | ES40: 36 | ET40: 10.5 | EV40: =(ES40*ET40)-EU40 -> 378 | EY40: Ovo | FA40: 1 | FB40: 199 | FD40: =FA40*FB40-FC40 -> 199 | FG40: Palm. Acai | FI40: 1 | FJ40: 21.9 | FL40: =(FI40*FJ40)-FK40 -> 21.9
B41: 45014 | C41: ITEM | D41: MARCA | E41: QNT. | F41: R$ UND. | G41: DESC. | H41: TOTAL | K41: Fanta uva lata | M41: 1 | N41: 13.74 | P41: =(M41*N41)-O41 -> 13.74 | S41: Prats limonada | U41: 1 | V41: 36 | X41: =U41*V41-W41 -> 36 | AA41: Leite | AC41: 1 | AD41: 59.88 | AF41: =(AC41*AD41)-AE41 -> 59.88 | AI41: Pimenta | AK41: 1 | AL41: 2 | AN41: =AK41*AL41-AM41 -> 2 | AP41: Prats | AQ41: Cocada | AS41: 1 | AT41: 24 | AV41: =(AS41*AT41)-AU41 -> 24 | AX41: Crédito | AY41: TOTAL | BD41: =SUM(BD40:BD40) -> 45 | BG41: Chuchu | BI41: 1 | BJ41: 20 | BL41: =(BI41*BJ41)-BK41 -> 20 | BO41: Paçoquinha | BQ41: 1 | BR41: 26.89 | BT41: =BQ41*BR41-BS41 -> 26.89 | BV41: 45078 | BW41: ITEM | BX41: MARCA | BY41: QNT. | BZ41: R$ UND. | CA41: DESC. | CB41: TOTAL | CD41: Natural Brasil | CE41: Granola 1kg | CG41: 2 | CH41: 10.99 | CJ41: =(CG41*CH41)-CI41 -> 21.98 | CT41: CEASA | CU41: Cenoura | CW41: 10 | CX41: 4 | CZ41: =CW41*CX41-CY41 -> 40 | DC41: Coca lata | DE41: 5 | DF41: 28.68 | DH41: =(DE41*DF41)-DG41 -> 143.4 | DK41: H-06 | DM41: 1 | DN41: 33 | DP41: =(DM41*DN41)-DO41 -> 33 | DS41: Coca lata | DU41: 12 | DV41: 2.49 | DW41: 2.4 | DX41: =(DU41*DV41)-DW41 -> 27.48 | EA41: Sprite lata | EC41: 1 | ED41: 14.94 | EF41: =(EC41*ED41)-EE41 -> 14.94 | EI41: Desengordurante | EK41: 1 | EL41: 8.5 | EN41: =(EK41*EL41)-EM41 -> 8.5 | EP41: ? | EQ41: TOTAL | EV41: =SUM(EV38:EV40) -> 625.08 | EY41: Coca 2L | FA41: 9 | FB41: 7.69 | FD41: =FA41*FB41-FC41 -> 69.21 | FG41: Balde | FI41: 1 | FJ41: 21.9 | FL41: =(FI41*FJ41)-FK41 -> 21.9
B42: CEASA | C42: Alface | E42: 1 | F42: 50 | H42: =E42*F42-G42 -> 50 | K42: Cha matte | M42: 24 | N42: 3.29 | O42: 7.2 | P42: =(M42*N42)-O42 -> 71.76 | R42: ? | S42: TOTAL | X42: =SUM(X35:X41) -> 319.4 | AA42: Ovo | AC42: 1 | AD42: 235 | AF42: =(AC42*AD42)-AE42 -> 235 | AH42: ? | AI42: TOTAL | AN42: =SUM(AN31:AN41) -> 439 | AQ42: Brownie Trad | AS42: 10 | AT42: 2.8 | AV42: =(AS42*AT42)-AU42 -> 28 | BG42: Abobrinha | BI42: 1 | BJ42: 40 | BL42: =(BI42*BJ42)-BK42 -> 40 | BO42: Maionese | BQ42: 1 | BR42: 13.9 | BT42: =BQ42*BR42-BS42 -> 13.9 | BV42: Sobradinho carnes | BW42: Pernil Suino | BY42: 6.425 | BZ42: 8.99 | CB42: =(BY42*BZ42)-CA42 -> 57.76075 | CD42: ? | CE42: TOTAL | CJ42: =SUM(CJ41:CJ41) -> 21.98 | CL42: 45091 | CM42: ITEM | CN42: MARCA | CO42: QNT. | CP42: R$ UND. | CQ42: DESC. | CR42: TOTAL | CU42: Tomate | CW42: 10 | CX42: 5 | CZ42: =CW42*CX42-CY42 -> 50 | DC42: Agua | DE42: 24 | DF42: 1.19 | DH42: =(DE42*DF42)-DG42 -> 28.56 | DK42: Toalha americana | DM42: 1 | DN42: 25.9 | DP42: =(DM42*DN42)-DO42 -> 25.9 | DS42: Schewpes lata | DU42: 1 | DV42: 17.34 | DX42: =(DU42*DV42)-DW42 -> 17.34 | EA42: Schweppes lata | EC42: 1 | ED42: 17.34 | EF42: =(EC42*ED42)-EE42 -> 17.34 | EI42: Sabao em po | EK42: 1 | EL42: 8.99 | EN42: =(EK42*EL42)-EM42 -> 8.99 | EX42: Crédito | EY42: TOTAL | FD42: =SUM(FD33:FD41) -> 530.5658 | FG42: Bombom ferrero | FI42: 1 | FJ42: 29.98 | FL42: =(FI42*FJ42)-FK42 -> 29.98
C43: Cebola | E43: 1 | F43: 80 | H43: =E43*F43-G43 -> 80 | K43: Coca 2L | M43: 9 | N43: 6.99 | P43: =(M43*N43)-O43 -> 62.91 | AA43: Batata | AC43: 8 | AD43: 19.9 | AF43: =(AC43*AD43)-AE43 -> 159.2 | AQ43: Brownie DL | AS43: 10 | AT43: 4 | AV43: =(AS43*AT43)-AU43 -> 40 | AX43: 45055 | AY43: ITEM | AZ43: MARCA | BA43: QNT. | BB43: R$ UND. | BC43: DESC. | BD43: TOTAL | BG43: Beterraba | BI43: 1 | BJ43: 35 | BL43: =(BI43*BJ43)-BK43 -> 35 | BO43: Catchup | BQ43: 1 | BR43: 13.99 | BT43: =BQ43*BR43-BS43 -> 13.99 | BW43: Coxao mole | BY43: 20.978 | BZ43: 27.99 | CB43: =(BY43*BZ43)-CA43 -> 587.17422 | CL43: Finos salgados | CM43: Salgados | CO43: 35 | CP43: 2.75 | CR43: =(CO43*CP43)-CQ43 -> 96.25 | CU43: Chuchu | CW43: 10 | CX43: 2 | CZ43: =CW43*CX43-CY43 -> 20 | DC43: Coca zero 600 | DE43: 12 | DF43: 3.99 | DH43: =(DE43*DF43)-DG43 -> 47.88 | DK43: Faca | DM43: 1 | DN43: 75 | DP43: =(DM43*DN43)-DO43 -> 75 | DS43: Sprite lata | DU43: 1 | DV43: 14.94 | DX43: =(DU43*DV43)-DW43 -> 14.94 | EA43: Coca z 600 | EC43: 12 | ED43: 3.99 | EF43: =(EC43*ED43)-EE43 -> 47.88 | EI43: Pão de forma | EK43: 5 | EL43: 5.99 | EN43: =(EK43*EL43)-EM43 -> 29.95 | EP43: 45141 | EQ43: ITEM | ER43: MARCA | ES43: QNT. | ET43: R$ UND. | EU43: DESC. | EV43: TOTAL | FG43: Red Bull | FI43: 1 | FJ43: 31.16 | FL43: =(FI43*FJ43)-FK43 -> 31.16
C44: Cebolinha | E44: 5 | F44: 3 | H44: =E44*F44-G44 -> 15 | K44: Guarana 600 | M44: 12 | N44: 3.59 | O44: 1.2 | P44: =(M44*N44)-O44 -> 41.88 | R44: 45028 | S44: ITEM | T44: MARCA | U44: QNT. | V44: R$ UND. | W44: DESC. | X44: TOTAL | AA44: Leite Long vida | AC44: 1 | AD44: 65.88 | AF44: =(AC44*AD44)-AE44 -> 65.88 | AH44: 45041 | AI44: ITEM | AJ44: MARCA | AK44: QNT. | AL44: R$ UND. | AM44: DESC. | AN44: TOTAL | AQ44: Brownie Avela | AS44: 1 | AT44: 160 | AV44: =(AS44*AT44)-AU44 -> 160 | AX44: estaçaõ dos frios | AY44: Mussarela | BA44: 5.174 | BB44: 36.9 | BD44: =(BA44*BB44)-BC44 -> 190.9206 | BG44: Pimentinha | BI44: 1 | BJ44: 3 | BL44: =(BI44*BJ44)-BK44 -> 3 | BO44: Hamburguer | BQ44: 2 | BR44: 34.8 | BT44: =BQ44*BR44-BS44 -> 69.6 | BV44: Crédito | BW44: TOTAL | CB44: =SUM(CB42:CB43) -> 644.93497 | CD44: 45084 | CE44: ITEM | CF44: MARCA | CG44: QNT. | CH44: R$ UND. | CI44: DESC. | CJ44: TOTAL | CL44: Dinheiro | CM44: TOTAL | CR44: =SUM(CR43:CR43) -> 96.25 | CU44: Abobrinha | CW44: 1 | CX44: 35 | CZ44: =CW44*CX44-CY44 -> 35 | DC44: Coca 600 | DE44: 15 | DF44: 3.99 | DH44: =(DE44*DF44)-DG44 -> 59.85 | DK44: H-1 | DM44: 1 | DN44: 16.9 | DP44: =(DM44*DN44)-DO44 -> 16.9 | DS44: Fanta laranja lata | DU44: 1 | DV44: 14.94 | DX44: =(DU44*DV44)-DW44 -> 14.94 | EA44: Coca z mine | EC44: 12 | ED44: 1.99 | EE44: 1.2 | EF44: =(EC44*ED44)-EE44 -> 22.68 | EI44: Limp Zupp | EK44: 4 | EL44: 2.9 | EM44: 0.44 | EN44: =(EK44*EL44)-EM44 -> 11.16 | EP44: Nestle | EQ44: Chokito | ES44: 1 | ET44: 47.87 | EV44: =(ES44*ET44)-EU44 -> 47.87 | EX44: 45145 | EY44: ITEM | EZ44: MARCA | FA44: QNT. | FB44: R$ UND. | FC44: DESC. | FD44: TOTAL | FF44: Crédito | FL44: =SUM(FL19:FL43) -> 865.82785
C45: Couve | E45: 10 | F45: 3 | H45: =E45*F45-G45 -> 30 | K45: Coca 600 | M45: 15 | N45: 3.59 | O45: 1.5 | P45: =(M45*N45)-O45 -> 52.35 | R45: Atacadão | S45: Pão de forma | U45: 2 | V45: 5.39 | X45: =U45*V45-W45 -> 10.78 | AA45: Pulmann | AC45: 1 | AD45: 10.9 | AF45: =(AC45*AD45)-AE45 -> 10.9 | AH45: Spres | AI45: Spres 900 ml | AK45: 12 | AL45: 6.88 | AN45: =(AK45*AL45)-AM45 -> 82.56 | AQ45: Brownie Nozes | AS45: 10 | AT45: 4 | AV45: =(AS45*AT45)-AU45 -> 40 | AY45: Presunto | BA45: 3.018 | BB45: 23.5 | BD45: =(BA45*BB45)-BC45 -> 70.923 | BF45: ? | BG45: TOTAL | BL45: =SUM(BL33:BL44) -> 469 | BO45: Linguiça | BQ45: 2 | BR45: 41 | BT45: =BQ45*BR45-BS45 -> 82 | CD45: Finos salgados | CE45: Salgados | CG45: 40 | CH45: 2.75 | CJ45: =(CG45*CH45)-CI45 -> 110 | CU45: Beterraba | CW45: 5 | CX45: 4 | CZ45: =CW45*CX45-CY45 -> 20 | DC45: Margarina | DE45: 1 | DF45: 131.76 | DH45: =(DE45*DF45)-DG45 -> 131.76 | DK45: Mascara | DM45: 1 | DN45: 9.99 | DP45: =(DM45*DN45)-DO45 -> 9.99 | DS45: Agua | DU45: 12 | DV45: 1.25 | DX45: =(DU45*DV45)-DW45 -> 15 | EA45: Arroz | EC45: 6 | ED45: 19.95 | EF45: =(EC45*ED45)-EE45 -> 119.7 | EI45: Detergente | EK45: 1 | EL45: 19.9 | EN45: =(EK45*EL45)-EM45 -> 19.9 | EQ45: Prestigio | ES45: 2 | ET45: 44.695 | EV45: =(ES45*ET45)-EU45 -> 89.39 | EX45: Sobradinho Carnes | EY45: Pernil | FA45: 16.26 | FB45: 9.79 | FD45: =(FA45*FB45)-FC45 -> 159.1854
C46: Alho | E46: 4 | F46: 12 | H46: =E46*F46-G46 -> 48 | K46: Macarrao | M46: 30 | N46: 3.09 | O46: 6 | P46: =(M46*N46)-O46 -> 86.7 | S46: Chokito | U46: 1 | V46: 49.98 | X46: =U46*V46-W46 -> 49.98 | Z46: Crédito | AA46: TOTAL | AF46: =SUM(AF23:AF45,) -> 1281.8621 | AH46: ? | AI46: TOTAL | AN46: =SUM(AN45:AN45) -> 82.56 | AQ46: Brownie MM | AS46: 20 | AT46: 4 | AV46: =(AS46*AT46)-AU46 -> 80 | AX46: Crédito | AY46: TOTAL | BD46: =SUM(BD44:BD45) -> 261.8436 | BO46: Detergente | BQ46: 1 | BR46: 27.5 | BT46: =BQ46*BR46-BS46 -> 27.5 | BV46: 45078 | BW46: ITEM | BX46: MARCA | BY46: QNT. | BZ46: R$ UND. | CA46: DESC. | CB46: TOTAL | CD46: Dinheiro | CE46: TOTAL | CJ46: =SUM(CJ45:CJ45) -> 110 | CL46: 45091 | CM46: ITEM | CN46: MARCA | CO46: QNT. | CP46: R$ UND. | CQ46: DESC. | CR46: TOTAL | CU46: Batata doce | CW46: 5 | CX46: 3 | CZ46: =CW46*CX46-CY46 -> 15 | DC46: Coca 2L | DE46: 8 | DF46: 7.49 | DH46: =(DE46*DF46)-DG46 -> 59.92 | DK46: Canudo | DM46: 1 | DN46: 13.9 | DP46: =(DM46*DN46)-DO46 -> 13.9 | DS46: Batata palha | DU46: 1 | DV46: 113.88 | DX46: =(DU46*DV46)-DW46 -> 113.88 | EA46: Refresco | EC46: 2 | ED46: 9.9 | EF46: =(EC46*ED46)-EE46 -> 19.8 | EI46: Leite | EK46: 2 | EL46: 26.94 | EN46: =(EK46*EL46)-EM46 -> 53.88 | EQ46: Pastilha garoto | ES46: 2 | ET46: 28.705 | EV46: =(ES46*ET46)-EU46 -> 57.41 | EY46: Costela | FA46: 3.12 | FB46: 15.99 | FD46: =(FA46*FB46)-FC46 -> 49.8888
C47: Batata | E47: 1 | F47: 25 | H47: =E47*F47-G47 -> 25 | K47: Feijão | M47: 10 | N47: 8.29 | P47: =(M47*N47)-O47 -> 82.9 | S47: Costela | U47: 10.59 | V47: 16.8 | X47: =U47*V47-W47 -> 177.912 | AQ47: Uva 300ml | AS47: 1 | AT47: 48 | AV47: =(AS47*AT47)-AU47 -> 48 | BF47: 45062 | BG47: ITEM | BH47: MARCA | BI47: QNT. | BJ47: R$ UND. | BK47: DESC. | BL47: TOTAL | BO47: Açucar | BQ47: 3 | BR47: 18.49 | BT47: =BQ47*BR47-BS47 -> 55.47 | BV47: Natural Brasil | BW47: Xarope | BY47: 3 | BZ47: 24.9 | CB47: =(BY47*BZ47)-CA47 -> 74.7 | CL47: D' Ouro minas | CM47: Salgado Comum | CO47: 35 | CP47: 3 | CR47: =(CO47*CP47)-CQ47 -> 105 | CU47: Repolho | CW47: 2 | CX47: 8 | CZ47: =CW47*CX47-CY47 -> 16 | DC47: Base culianria | DE47: 1 | DF47: 137.88 | DH47: =(DE47*DF47)-DG47 -> 137.88 | DK47: Papel aluminio | DM47: 1 | DN47: 47 | DP47: =(DM47*DN47)-DO47 -> 47 | DS47: Agua | DU47: 12 | DV47: 0.78 | DX47: =(DU47*DV47)-DW47 -> 9.36 | EA47: Sal | EC47: 5 | ED47: 1.75 | EF47: =(EC47*ED47)-EE47 -> 8.75 | EI47: Oleo | EK47: 2 | EL47: 29.34 | EN47: =(EK47*EL47)-EM47 -> 58.68 | EQ47: Lollo | ES47: 1 | ET47: 47.87 | EV47: =(ES47*ET47)-EU47 -> 47.87 | EX47: Crédito | EY47: TOTAL | FD47: =SUM(FD45:FD46) -> 209.0742
B48: ? | C48: TOTAL | H48: =SUM(H42:H47) -> 248 | K48: Arroz | M48: 6 | N48: 20.99 | O48: 6 | P48: =(M48*N48)-O48 -> 119.94 | S48: Batata | U48: 4 | V48: 21.49 | X48: =U48*V48-W48 -> 85.96 | Z48: 45034 | AA48: ITEM | AB48: MARCA | AC48: QNT. | AD48: R$ UND. | AE48: DESC. | AF48: TOTAL | AH48: 45041 | AI48: ITEM | AJ48: MARCA | AK48: QNT. | AL48: R$ UND. | AM48: DESC. | AN48: TOTAL | AQ48: Brownie Cookie | AS48: 10 | AT48: 4 | AV48: =(AS48*AT48)-AU48 -> 40 | AX48: 45050 | AY48: ITEM | AZ48: MARCA | BA48: QNT. | BB48: R$ UND. | BC48: DESC. | BD48: TOTAL | BF48: ? | BG48: Doce de leite ninho | BI48: 1 | BJ48: 25 | BL48: =(BI48*BJ48)-BK48 -> 25 | BO48: Coca mine | BQ48: 8 | BR48: 11.34 | BT48: =BQ48*BR48-BS48 -> 90.72 | BV48: ? | BW48: TOTAL | CB48: =SUM(CB47:CB47) -> 74.7 | CD48: 45084 | CE48: ITEM | CF48: MARCA | CG48: QNT. | CH48: R$ UND. | CI48: DESC. | CJ48: TOTAL | CL48: Dinheiro | CM48: TOTAL | CR48: =SUM(CR47:CR47) -> 105 | CU48: Acelga | CW48: 2 | CX48: 5 | CZ48: =CW48*CX48-CY48 -> 10 | DC48: Paçoca | DE48: 1 | DF48: 28.9 | DH48: =(DE48*DF48)-DG48 -> 28.9 | DJ48: Dinheiro | DK48: TOTAL | DP48: =SUM(DP40:DP47) -> 296.69 | DS48: H2O | DU48: 12 | DV48: 3.89 | DW48: 2.4 | DX48: =(DU48*DV48)-DW48 -> 44.28 | EA48: Tempero arisco | EC48: 2 | ED48: 4.99 | EF48: =(EC48*ED48)-EE48 -> 9.98 | EI48: H2O | EK48: 12 | EL48: 3.79 | EM48: 2.4 | EN48: =(EK48*EL48)-EM48 -> 43.08 | EQ48: Prestigio DARK | ES48: 1 | ET48: 47.88 | EV48: =(ES48*ET48)-EU48 -> 47.88
K49: Batata frita | M49: 2 | N49: 167.3 | P49: =(M49*N49)-O49 -> 334.6 | S49: Arroz | U49: 2 | V49: 18.99 | X49: =U49*V49-W49 -> 37.98 | Z49: Fortes Embalagens | AA49: Guardanapo | AC49: 1 | AD49: 39.9 | AF49: =AC49*AD49-AE49 -> 39.9 | AH49: Levo | AI49: Filé de peito | AK49: 54 | AL49: 12.09 | AN49: =(AK49*AL49)-AM49 -> 652.86 | AP49: ? | AQ49: TOTAL | AV49: =SUM(AV41:AV48) -> 460 | AX49: Atacadão | AY49: Pão de forma | BA49: 3 | BB49: 5.49 | BD49: =BA49*BB49-BC49 -> 16.47 | BF49: ? | BG49: TOTAL | BL49: =SUM(BL48:BL48) -> 25 | BO49: Coca zero mine | BQ49: 2 | BR49: 11.34 | BT49: =BQ49*BR49-BS49 -> 22.68 | CD49: Levo | CE49: Coxa S/coxa | CG49: 18 | CH49: 6.6 | CJ49: =(CG49*CH49)-CI49 -> 118.8 | CU49: Alface | CW49: 1 | CX49: 30 | CZ49: =CW49*CX49-CY49 -> 30 | DC49: Sabão Protex | DE49: 1 | DF49: 16.11 | DH49: =(DE49*DF49)-DG49 -> 16.11 | DS49: Coca 600 | DU49: 30 | DV49: 3.79 | DX49: =(DU49*DV49)-DW49 -> 113.7 | EA49: Polvilho | EC49: 3 | ED49: 7.49 | EF49: =(EC49*ED49)-EE49 -> 22.47 | EI49: Coca 600 | EK49: 15 | EL49: 3.79 | EN49: =(EK49*EL49)-EM49 -> 56.85 | EP49: ? | EQ49: TOTAL | EV49: =SUM(EV44:EV48) -> 290.42 | EX49: 45148 | EY49: ITEM | EZ49: MARCA | FA49: QNT. | FB49: R$ UND. | FC49: DESC. | FD49: TOTAL
B50: 45014 | C50: ITEM | D50: MARCA | E50: QNT. | F50: R$ UND. | G50: DESC. | H50: TOTAL | K50: Margarina | M50: 12 | N50: 10.98 | P50: =(M50*N50)-O50 -> 131.76 | S50: Leite | U50: 6 | V50: 4.89 | X50: =U50*V50-W50 -> 29.34 | AA50: Pote | AC50: 1 | AD50: 11.34 | AF50: =AC50*AD50-AE50 -> 11.34 | AH50: ? | AI50: TOTAL | AN50: =SUM(AN49:AN49) -> 652.86 | AY50: Bombril | BA50: 1 | BB50: 2.56 | BD50: =BA50*BB50-BC50 -> 2.56 | BO50: Fanta mine | BQ50: 2 | BR50: 11.34 | BT50: =BQ50*BR50-BS50 -> 22.68 | BV50: 45078 | BW50: ITEM | BX50: MARCA | BY50: QNT. | BZ50: R$ UND. | CA50: DESC. | CB50: TOTAL | CE50: Filé de peito | CG50: 36 | CH50: 11.2 | CJ50: =(CG50*CH50)-CI50 -> 403.2 | CL50: 45091 | CM50: ITEM | CN50: MARCA | CO50: QNT. | CP50: R$ UND. | CQ50: DESC. | CR50: TOTAL | CU50: Cebolinha | CW50: 10 | CX50: 2 | CZ50: =CW50*CX50-CY50 -> 20 | DC50: Sabão Dove | DE50: 4 | DF50: 6.49 | DH50: =(DE50*DF50)-DG50 -> 25.96 | DJ50: 45111 | DK50: ITEM | DL50: MARCA | DM50: QNT. | DN50: R$ UND. | DO50: DESC. | DP50: TOTAL | DS50: Macarrão | DU50: 20 | DV50: 1.89 | DX50: =(DU50*DV50)-DW50 -> 37.8 | DZ50: Crédito | EA50: TOTAL | EF50: =SUM(EF32:EF49) -> 612.21 | EI50: Agua | EK50: 12 | EL50: 1.19 | EN50: =(EK50*EL50)-EM50 -> 14.28 | EX50: D' Ouro minas | EY50: Pão de queijo Trad. | FA50: 5 | FB50: 12 | FD50: =(FA50*FB50)-FC50 -> 60
B51: Prats | C51: Brownie Trad | E51: 20 | F51: 2.8 | H51: =E51*F51-G51 -> 56 | J51: Crédito | K51: TOTAL | P51: =SUM(P18:P50,) -> 1614.438 | S51: Fanta laranja 500 | U51: 6 | V51: 3.69 | W51: 0.6 | X51: =U51*V51-W51 -> 21.54 | AA51: Canudo | AC51: 1 | AD51: 14.31 | AF51: =AC51*AD51-AE51 -> 14.31 | AY51: Palha magica | BA51: 2 | BB51: 2.29 | BD51: =BA51*BB51-BC51 -> 4.58 | BF51: 45061 | BG51: ITEM | BH51: MARCA | BI51: QNT. | BJ51: R$ UND. | BK51: DESC. | BL51: TOTAL | BO51: Sprite mine | BQ51: 2 | BR51: 11.34 | BT51: =BQ51*BR51-BS51 -> 22.68 | BV51: atacadão | BW51: Pão de forma | BY51: 5 | BZ51: 5.49 | CB51: =(BY51*BZ51)-CA51 -> 27.45 | CD51: ? | CE51: TOTAL | CJ51: =SUM(CJ49:CJ50) -> 522 | CL51: Nestle | CM51: chokito | CO51: 2 | CP51: 47.88 | CR51: =CO51*CP51-CQ51 -> 95.76 | CU51: Couve | CW51: 10 | CX51: 3 | CZ51: =CW51*CX51-CY51 -> 30 | DB51: Crédito | DC51: TOTAL | DH51: =SUM(DH31:DH50) -> 915.8325 | DJ51: Atacadão | DK51: Amaciante | DM51: 1 | DN51: 26.8 | DP51: =(DM51*DN51)-DO51 -> 26.8 | DS51: Hamburguer | DU51: 2 | DV51: 36.9 | DX51: =(DU51*DV51)-DW51 -> 73.8 | EI51: Base culinaria | EK51: 1 | EL51: 107.88 | EN51: =(EK51*EL51)-EM51 -> 107.88 | EY51: Pão de queijo Lanche | FA51: 5 | FB51: 12 | FD51: =(FA51*FB51)-FC51 -> 60
C52: Brownie DL | E52: 20 | F52: 4 | H52: =E52*F52-G52 -> 80 | S52: Sprite 500 | U52: 12 | V52: 2.89 | W52: 1.2 | X52: =U52*V52-W52 -> 33.48 | AA52: Saco Papel Pardo | AC52: 1 | AD52: 12 | AF52: =AC52*AD52-AE52 -> 12 | AH52: 45041 | AI52: ITEM | AJ52: MARCA | AK52: QNT. | AL52: R$ UND. | AM52: DESC. | AN52: TOTAL | AY52: Batata palha | BA52: 4 | BB52: 17.98 | BD52: =BA52*BB52-BC52 -> 71.92 | BF52: Fortes Embalagens | BG52: PT 102 | BI52: 1 | BJ52: 38 | BL52: =(BI52*BJ52)-BK52 -> 38 | BO52: Agua | BQ52: 24 | BR52: 1.19 | BT52: =BQ52*BR52-BS52 -> 28.56 | BV52: Crédito | BW52: TOTAL | CB52: =SUM(CB51:CB51) -> 27.45 | CM52: Prestigio | CO52: 2 | CP52: 44.695 | CR52: =CO52*CP52-CQ52 -> 89.39 | CU52: Batata doce | CW52: 1 | CX52: 20 | CZ52: =CW52*CX52-CY52 -> 20 | DK52: Pão de forma | DM52: 1 | DN52: 7.99 | DP52: =(DM52*DN52)-DO52 -> 7.99 | DS52: File de peito | DU52: 1 | DV52: 137.88 | DX52: =(DU52*DV52)-DW52 -> 137.88 | EI52: Schweppes lata | EK52: 2 | EL52: 17.34 | EN52: =(EK52*EL52)-EM52 -> 34.68 | EX52: Dinheiro | EY52: TOTAL | FD52: =SUM(FD50:FD51) -> 120
C53: Brownie Avela | E53: 20 | F53: 4 | H53: =E53*F53-G53 -> 80 | J53: 45020 | K53: ITEM | L53: MARCA | M53: QNT. | N53: R$ UND. | O53: DESC. | P53: TOTAL | S53: Pepsi | U53: 15 | V53: 2.05 | W53: 1.5 | X53: =U53*V53-W53 -> 29.25 | AA53: PT-102 | AC53: 1 | AD53: 76 | AF53: =AC53*AD53-AE53 -> 76 | AH53: Friatto | AI53: Linguiça | AK53: 20 | AL53: 14.99 | AN53: =(AK53*AL53)-AM53 -> 299.8 | AY53: Refresco | BA53: 1 | BB53: 5.49 | BD53: =BA53*BB53-BC53 -> 5.49 | BG53: Saco hambuguer | BI53: 1 | BJ53: 8 | BL53: =(BI53*BJ53)-BK53 -> 8 | BO53: Coca lata | BQ53: 6 | BR53: 13.14 | BT53: =BQ53*BR53-BS53 -> 78.84 | CD53: 45084 | CE53: ITEM | CF53: MARCA | CG53: QNT. | CH53: R$ UND. | CI53: DESC. | CJ53: TOTAL | CM53: Prestigio Dark | CO53: 2 | CP53: 47.885 | CR53: =CO53*CP53-CQ53 -> 95.77 | CU53: Cebola | CW53: 1 | CX53: 30 | CZ53: =CW53*CX53-CY53 -> 30 | DB53: 45106 | DC53: ITEM | DD53: MARCA | DE53: QNT. | DF53: R$ UND. | DG53: DESC. | DH53: TOTAL | DK53: Batata palha | DM53: 4 | DN53: 21.98 | DP53: =(DM53*DN53)-DO53 -> 87.92 | DS53: Feijão | DU53: 10 | DV53: 5.99 | DX53: =(DU53*DV53)-DW53 -> 59.9 | EI53: Guarana lata | EK53: 15 | EL53: 1.69 | EN53: =(EK53*EL53)-EM53 -> 25.35
C54: Brownie MA | E54: 20 | F54: 4 | H54: =E54*F54-G54 -> 80 | J54: CEASA | K54: Alface | M54: 1 | N54: 50 | P54: =M54*N54-O54 -> 50 | S54: Fanta Uva 500 | U54: 6 | V54: 3.99 | X54: =U54*V54-W54 -> 23.94 | AA54: Garrafa 300ml | AC54: 1 | AD54: 55 | AF54: =AC54*AD54-AE54 -> 55 | AH54: ? | AI54: TOTAL | AN54: =SUM(AN53:AN53) -> 299.8 | AP54: 45049 | AQ54: ITEM | AR54: MARCA | AS54: QNT. | AT54: R$ UND. | AU54: DESC. | AV54: TOTAL | AY54: Sal | BA54: 4 | BB54: 1.99 | BD54: =BA54*BB54-BC54 -> 7.96 | BG54: Saco hambuguer | BI54: 1 | BJ54: 21 | BL54: =(BI54*BJ54)-BK54 -> 21 | BO54: Coca lata | BQ54: 10 | BR54: 2.29 | BS54: 2.4 | BT54: =BQ54*BR54-BS54 -> 20.5 | BV54: 45078 | BW54: ITEM | BX54: MARCA | BY54: QNT. | BZ54: R$ UND. | CA54: DESC. | CB54: TOTAL | CD54: Lider & automação | CE54: CJ. Nav. MACHO | CG54: 1 | CH54: 97.9 | CJ54: =(CG54*CH54)-CI54 -> 97.9 | CM54: Kit kat | CO54: 1 | CP54: 57.43 | CR54: =CO54*CP54-CQ54 -> 57.43 | CT54: dinheiro | CU54: TOTAL | CZ54: =SUM(CZ41:CZ53) -> 336 | DB54: Levo | DC54: File de peito | DE54: 54 | DF54: 10.8 | DH54: =(DE54*DF54)-DG54 -> 583.2 | DK54: Café | DM54: 6 | DN54: 9.9 | DP54: =(DM54*DN54)-DO54 -> 59.4 | DR54: Crédito | DS54: TOTAL | DX54: =SUM(DX24:DX53) -> 1165.5785 | EH54: Crédito | EI54: TOTAL | EN54: =SUM(EN31:EN53) -> 681.64025 | EX54: 45149 | EY54: ITEM | EZ54: MARCA | FA54: QNT. | FB54: R$ UND. | FC54: DESC. | FD54: TOTAL
C55: Brownie MM | E55: 20 | F55: 4 | H55: =E55*F55-G55 -> 80 | K55: Tomate | M55: 1 | N55: 80 | P55: =M55*N55-O55 -> 80 | S55: Coca Z mine | U55: 2 | V55: 10.74 | X55: =U55*V55-W55 -> 21.48 | AA55: Garrafa 500ml | AC55: 1 | AD55: 68 | AF55: =AC55*AD55-AE55 -> 68 | AP55: D' Ouro minas | AQ55: Pão de queijo Trad. | AS55: 6 | AT55: 12 | AV55: =(AS55*AT55)-AU55 -> 72 | AY55: Comp. Lacteo | BA55: 1 | BB55: 29.9 | BD55: =BA55*BB55-BC55 -> 29.9 | BF55: ? | BG55: TOTAL | BL55: =SUM(BL52:BL54) -> 67 | BO55: Guarana 1,5L | BQ55: 1 | BR55: 3.95 | BT55: =BQ55*BR55-BS55 -> 3.95 | BV55: Finos salgados | BW55: Salgados | BY55: 45 | BZ55: 2.75 | CB55: =(BY55*BZ55)-CA55 -> 123.75 | CE55: Ferverdor ipanema | CG55: 1 | CH55: 56.12 | CJ55: =(CG55*CH55)-CI55 -> 56.12 | CM55: Caribe | CO55: 1 | CP55: 46.12 | CR55: =CO55*CP55-CQ55 -> 46.12 | DB55: ? | DC55: TOTAL | DH55: =SUM(DH54:DH54) -> 583.2 | DK55: Polvilho | DM55: 6 | DN55: 5.89 | DP55: =(DM55*DN55)-DO55 -> 35.34 | EX55: Big box | EY55: Couve | FA55: 4 | FB55: 3.99 | FD55: =(FA55*FB55)-FC55 -> 15.96
C56: Brownie Cookies | E56: 20 | F56: 4 | H56: =E56*F56-G56 -> 80 | K56: Cebolinha | M56: 5 | N56: 3 | P56: =M56*N56-O56 -> 15 | S56: Fanta laranja lata | U56: 2 | V56: 13.74 | X56: =U56*V56-W56 -> 27.48 | Z56: ? | AA56: TOTAL | AF56: =SUM(AF49:AF55) -> 276.55 | AH56: 45041 | AI56: ITEM | AJ56: MARCA | AK56: QNT. | AL56: R$ UND. | AM56: DESC. | AN56: TOTAL | AQ56: Pão de queijo Lanche | AS56: 5 | AT56: 12 | AV56: =(AS56*AT56)-AU56 -> 60 | AY56: Refresco | BA56: 2 | BB56: 9.9 | BD56: =BA56*BB56-BC56 -> 19.8 | BO56: Base culinaria | BQ56: 10 | BR56: 11.99 | BT56: =BQ56*BR56-BS56 -> 119.9 | BV56: Dinheiro | BW56: TOTAL | CB56: =SUM(CB55:CB55) -> 123.75 | CD56: Crédito | CE56: TOTAL | CJ56: =SUM(CJ54:CJ55) -> 154.02 | CM56: Latte macchiato | CO56: 1 | CP56: 97.41 | CR56: =CO56*CP56-CQ56 -> 97.41 | CT56: 45098 | CU56: ITEM | CV56: MARCA | CW56: QNT. | CX56: R$ UND. | CY56: DESC. | CZ56: TOTAL | DK56: Adocante | DM56: 2 | DN56: 6.99 | DP56: =(DM56*DN56)-DO56 -> 13.98 | DR56: 45119 | DS56: ITEM | DT56: MARCA | DU56: QNT. | DV56: R$ UND. | DW56: DESC. | DX56: TOTAL | EH56: 45133 | EI56: ITEM | EJ56: MARCA | EK56: QNT. | EL56: R$ UND. | EM56: DESC. | EN56: TOTAL | EY56: Biscoito | FA56: 1 | FB56: 7.99 | FD56: =(FA56*FB56)-FC56 -> 7.99
B57: ? | C57: TOTAL | H57: =SUM(H51:H56) -> 456 | K57: Laranja | M57: 1 | N57: 40 | P57: =M57*N57-O57 -> 40 | S57: Sprite mine | U57: 3 | V57: 10.74 | X57: =U57*V57-W57 -> 32.22 | AH57: Brasal | AI57: Coca cola | AK57: 6 | AL57: 46.2833 | AN57: =(AK57*AL57)-AM57 -> 277.6998 | AQ57: Salgado Comum | AS57: 25 | AT57: 3 | AV57: =(AS57*AT57)-AU57 -> 75 | AY57: Tempero arisco | BA57: 4 | BB57: 4.99 | BD57: =BA57*BB57-BC57 -> 19.96 | BF57: 45063 | BG57: ITEM | BH57: MARCA | BI57: QNT. | BJ57: R$ UND. | BK57: DESC. | BL57: TOTAL | BO57: Base culinaria | BQ57: 1 | BR57: 61.83 | BT57: =BQ57*BR57-BS57 -> 61.83 | CL57: Dinheiro | CM57: TOTAL | CR57: =SUM(CR51:CR56) -> 481.88 | CT57: Ovo | CU57: Ovo | CW57: 1 | CX57: 310.85 | CY57: 80.85 | CZ57: =(CW57*CX57)-CY57 -> 230 | DB57: 45106 | DC57: ITEM | DD57: MARCA | DE57: QNT. | DF57: R$ UND. | DG57: DESC. | DH57: TOTAL | DK57: Extrato elefante | DM57: 1 | DN57: 23.9 | DP57: =(DM57*DN57)-DO57 -> 23.9 | DR57: Pão de mel | DS57: Pão de mel | DU57: 20 | DV57: 2.8 | DX57: =(DU57*DV57)-DW57 -> 56 | EH57: Sobradinho Carnes | EI57: File de peito | EK57: 8.672 | EL57: 9.99 | EN57: =(EK57*EL57)-EM57 -> 86.63328 | EY57: Água saborizada | FA57: 6 | FB57: 2.89 | FD57: =(FA57*FB57)-FC57 -> 17.34
K58: Mandioca | M58: 6 | N58: 4.5 | P58: =M58*N58-O58 -> 27 | S58: Fanta mine | U58: 3 | V58: 10.74 | X58: =U58*V58-W58 -> 32.22 | Z58: 45034 | AA58: ITEM | AB58: MARCA | AC58: QNT. | AD58: R$ UND. | AE58: DESC. | AF58: TOTAL | AI58: Del vale | AK58: 1 | AL58: 18.37 | AN58: =(AK58*AL58)-AM58 -> 18.37 | AP58: Dinheiro | AQ58: TOTAL | AV58: =SUM(AV55:AV57) -> 207 | AY58: Amido de milho | BA58: 1 | BB58: 10.9 | BD58: =BA58*BB58-BC58 -> 10.9 | BF58: Finos salgados | BG58: Salgados | BI58: 100 | BJ58: 2.75 | BL58: =(BI58*BJ58)-BK58 -> 275 | BO58: Feijão | BQ58: 10 | BR58: 6.89 | BT58: =BQ58*BR58-BS58 -> 68.9 | BV58: 45079 | BW58: ITEM | BX58: MARCA | BY58: QNT. | BZ58: R$ UND. | CA58: DESC. | CB58: TOTAL | CT58: Dinheiro | CU58: TOTAL | CZ58: =SUM(CZ57:CZ57) -> 230 | DB58: Doces | DC58: kits amendoim | DE58: 3 | DF58: 40 | DH58: =(DE58*DF58)-DG58 -> 120 | DK58: Molho shoyu | DM58: 1 | DN58: 17.5 | DP58: =(DM58*DN58)-DO58 -> 17.5 | DR58: Dinheiro | DS58: TOTAL | DX58: =SUM(DX57:DX57) -> 56 | EI58: Bife de coxao | EK58: 7.885 | EL58: 29.99 | EN58: =(EK58*EL58)-EM58 -> 236.47115 | EY58: Sacola | FA58: 1 | FB58: 0.12 | FD58: =(FA58*FB58)-FC58 -> 0.12
B59: 45015 | C59: ITEM | D59: MARCA | E59: QNT. | F59: R$ UND. | G59: DESC. | H59: TOTAL | K59: Pimenta cheiro | M59: 1 | N59: 3 | P59: =M59*N59-O59 -> 3 | S59: Coca mine | U59: 6 | V59: 10.74 | X59: =U59*V59-W59 -> 64.44 | Z59: Natural Brasil | AA59: Barra Maracuja | AC59: 5 | AD59: 20 | AF59: =AC59*AD59-AE59 -> 100 | AI59: Monster | AK59: 6 | AL59: 40.52 | AN59: =(AK59*AL59)-AM59 -> 243.12 | AY59: Qboa | BA59: 6 | BB59: 3.49 | BC59: 1.2 | BD59: =BA59*BB59-BC59 -> 19.74 | BF59: Dinheiro | BG59: TOTAL | BL59: =SUM(BL58:BL58) -> 275 | BO59: Batata pre frita | BQ59: 2 | BR59: 131.4 | BT59: =BQ59*BR59-BS59 -> 262.8 | BV59: Prats | BW59: Brownie trad | BY59: 5 | BZ59: 2.8 | CB59: =(BY59*BZ59)-CA59 -> 14 | CL59: 45091 | CM59: ITEM | CN59: MARCA | CO59: QNT. | CP59: R$ UND. | CQ59: DESC. | CR59: TOTAL | DC59: Paçocão | DE59: 2 | DF59: 55 | DH59: =(DE59*DF59)-DG59 -> 110 | DK59: Café do sitio | DM59: 6 | DN59: 7.99 | DP59: =(DM59*DN59)-DO59 -> 47.94 | EI59: Coxao mole | EK59: 8.285 | EL59: 27.99 | EN59: =(EK59*EL59)-EM59 -> 231.89715 | EX59: Débito | EY59: TOTAL | FD59: =SUM(FD55:FD58) -> 41.41
B60: Friatto | C60: File de peito | E60: 19.5 | F60: 12.45 | H60: =E60*F60-G60 -> 242.775 | J60: ? | K60: TOTAL | P60: =SUM(P54:P59) -> 215 | S60: Coca lata | U60: 1 | V60: 12.9 | X60: =U60*V60-W60 -> 12.9 | AA60: Barra Acerola | AC60: 5 | AD60: 11.5 | AF60: =AC60*AD60-AE60 -> 57.5 | AH60: ? | AI60: TOTAL | AN60: =SUM(AN57:AN59) -> 539.1898 | AP60: 45049 | AQ60: ITEM | AR60: MARCA | AS60: QNT. | AT60: R$ UND. | AU60: DESC. | AV60: TOTAL | AY60: Limp zupp | BA60: 3 | BB60: 3.09 | BD60: =BA60*BB60-BC60 -> 9.27 | BN60: Crédito | BO60: TOTAL | BT60: =SUM(BT39:BT59) -> 1161.84 | BW60: Brownie DL | BY60: 10 | BZ60: 4 | CB60: =(BY60*BZ60)-CA60 -> 40 | CL60: Atacadão | CM60: Base culianria | CO60: 8 | CP60: 11.49 | CR60: =(CO60*CP60)-CQ60 -> 91.92 | CT60: 45098 | CU60: ITEM | CV60: MARCA | CW60: QNT. | CX60: R$ UND. | CY60: DESC. | CZ60: TOTAL | DC60: Bananinha | DE60: 2 | DF60: 32.9 | DH60: =(DE60*DF60)-DG60 -> 65.8 | DK60: Guarana lata | DM60: 15 | DN60: 2.09 | DO60: 1.5 | DP60: =(DM60*DN60)-DO60 -> 29.85 | DR60: 45119 | DS60: ITEM | DT60: MARCA | DU60: QNT. | DV60: R$ UND. | DW60: DESC. | DX60: TOTAL | EI60: Figado | EK60: 6.29 | EL60: 9.99 | EN60: =(EK60*EL60)-EM60 -> 62.8371
C61: File de peito | E61: 40 | F61: 12.49 | H61: =E61*F61-G61 -> 499.6 | S61: Coca lata | U61: 2 | V61: 25.8 | X61: =U61*V61-W61 -> 51.6 | AA61: Barra Caju | AC61: 5 | AD61: 7.2 | AF61: =AC61*AD61-AE61 -> 36 | AP61: Dist. Coelho | AQ61: Tomate | AS61: 1 | AT61: 75 | AV61: =(AS61*AT61)-AU61 -> 75 | AY61: Schweppes lata | BA61: 1 | BB61: 16.74 | BD61: =BA61*BB61-BC61 -> 16.74 | BF61: 45063 | BG61: ITEM | BH61: MARCA | BI61: QNT. | BJ61: R$ UND. | BK61: DESC. | BL61: TOTAL | BW61: Brownie Avela | BY61: 1 | BZ61: 160 | CB61: =(BY61*BZ61)-CA61 -> 160 | CM61: Monster | CO61: 2 | CP61: 41.7 | CR61: =(CO61*CP61)-CQ61 -> 83.4 | CT61: Kika frutas | CU61: Laranja | CW61: 1 | CX61: 40 | CZ61: =(CW61*CX61)-CY61 -> 40 | DB61: Dinheiro | DC61: TOTAL | DH61: =SUM(DH58:DH60) -> 295.8 | DK61: Pepsi zero | DM61: 12 | DN61: 1.99 | DP61: =(DM61*DN61)-DO61 -> 23.88 | DR61: Friatto | DS61: File de peito | DU61: 79.5 | DV61: 10.43 | DX61: =(DU61*DV61)-DW61 -> 829.185 | EI61: Carne de sol | EK61: 0.732 | EL61: 29.99 | EN61: =(EK61*EL61)-EM61 -> 21.95268
C62: Presunto | E62: 4.4 | F62: 23.99 | H62: =E62*F62-G62 -> 105.556 | J62: 45020 | K62: ITEM | L62: MARCA | M62: QNT. | N62: R$ UND. | O62: DESC. | P62: TOTAL | S62: Fanta uva lata | U62: 2 | V62: 13.74 | X62: =U62*V62-W62 -> 27.48 | Z62: ? | AA62: TOTAL | AF62: =SUM(AF59:AF61) -> 193.5 | AH62: 45042 | AI62: ITEM | AJ62: MARCA | AK62: QNT. | AL62: R$ UND. | AM62: DESC. | AN62: TOTAL | AQ62: Cenoura | AS62: 1 | AT62: 6 | AV62: =(AS62*AT62)-AU62 -> 6 | AY62: Sprite lata | BA62: 18 | BB62: 2.49 | BC62: 1.8 | BD62: =BA62*BB62-BC62 -> 43.02 | BF62: Sobradinho carnes | BG62: Carne moída | BI62: 0.588 | BJ62: 19.99 | BL62: =(BI62*BJ62)-BK62 -> 11.75412 | BN62: 45070 | BO62: ITEM | BP62: MARCA | BQ62: QNT. | BR62: R$ UND. | BS62: DESC. | BT62: TOTAL | BW62: Brownie MA | BY62: 15 | BZ62: 4 | CB62: =(BY62*BZ62)-CA62 -> 60 | CM62: Red bull | CO62: 1 | CP62: 55.92 | CR62: =(CO62*CP62)-CQ62 -> 55.92 | CT62: Dinheiro | CU62: TOTAL | CZ62: =SUM(CZ61:CZ61) -> 40 | DK62: Guaramix | DM62: 12 | DN62: 3.59 | DO62: 2.4 | DP62: =(DM62*DN62)-DO62 -> 40.68 | DR62: ? | DS62: TOTAL | DX62: =SUM(DX61:DX61) -> 829.185 | EI62: Wals dubel | EK62: 1 | EL62: 23.99 | EN62: =(EK62*EL62)-EM62 -> 23.99
B63: ? | C63: TOTAL | H63: =SUM(H60:H62) -> 847.931 | J63: São Jorge | K63: Ovos | M63: 1 | N63: 269.49 | P63: =(M63*N63)-O63 -> 269.49 | S63: H2O | U63: 12 | V63: 3.69 | W63: 1.2 | X63: =U63*V63-W63 -> 43.08 | AH63: Prats | AI63: Brownie Nozes | AK63: 10 | AL63: 4 | AN63: =(AK63*AL63)-AM63 -> 40 | AQ63: Limão | AS63: 1 | AT63: 20 | AV63: =(AS63*AT63)-AU63 -> 20 | AY63: Fanta laranja lata | BA63: 2 | BB63: 14.34 | BD63: =BA63*BB63-BC63 -> 28.68 | BG63: Coxão mole | BI63: 25.395 | BJ63: 27.99 | BL63: =(BI63*BJ63)-BK63 -> 710.80605 | BN63: Fortes Embalagens | BO63: PT 102 | BQ63: 2 | BR63: 38 | BT63: =(BQ63*BR63)-BS63 -> 76 | BW63: Brownie Cookies | BY63: 25 | BZ63: 4 | CB63: =(BY63*BZ63)-CA63 -> 100 | CM63: Pepsi Zero | CO63: 24 | CP63: 2.19 | CR63: =(CO63*CP63)-CQ63 -> 52.56 | DB63: 45106 | DC63: ITEM | DD63: MARCA | DE63: QNT. | DF63: R$ UND. | DG63: DESC. | DH63: TOTAL | DK63: Coca mine | DM63: 6 | DN63: 2.59 | DO63: 1.2 | DP63: =(DM63*DN63)-DO63 -> 14.34 | EH63: Crédito | EI63: TOTAL | EN63: =SUM(EN57:EN62) -> 663.78136
J64: ? | K64: TOTAL | P64: =SUM(P63:P63) -> 269.49 | S64: Guarana 600 | U64: 12 | V64: 1.99 | X64: =U64*V64-W64 -> 23.88 | Z64: 45034 | AA64: ITEM | AB64: MARCA | AC64: QNT. | AD64: R$ UND. | AE64: DESC. | AF64: TOTAL | AH64: ? | AI64: TOTAL | AN64: =SUM(AN63:AN63) -> 40 | AQ64: Mandioca | AS64: 5 | AT64: 5 | AV64: =(AS64*AT64)-AU64 -> 25 | AY64: Feijão preto | BA64: 4 | BB64: 7.89 | BD64: =BA64*BB64-BC64 -> 31.56 | BG64: Bife de coxão mole | BI64: 18.348 | BJ64: 29.99 | BL64: =(BI64*BJ64)-BK64 -> 550.25652 | BO64: Toalha americana | BQ64: 1 | BR64: 25.9 | BT64: =(BQ64*BR64)-BS64 -> 25.9 | BV64: ? | BW64: TOTAL | CB64: =SUM(CB59:CB63) -> 374 | CM64: H2O | CO64: 12 | CP64: 3.99 | CQ64: 2.4 | CR64: =(CO64*CP64)-CQ64 -> 45.48 | CT64: 45098 | CU64: ITEM | CV64: MARCA | CW64: QNT. | CX64: R$ UND. | CY64: DESC. | CZ64: TOTAL | DB64: Atacadão | DC64: Couve | DE64: 8 | DF64: 1.99 | DG64: 8.8 | DH64: =(DE64*DF64)-DG64 -> 7.12 | DK64: Fanta mine | DM64: 6 | DN64: 1.99 | DO64: 0.6 | DP64: =(DM64*DN64)-DO64 -> 11.34 | DR64: 45120 | DS64: ITEM | DT64: MARCA | DU64: QNT. | DV64: R$ UND. | DW64: DESC. | DX64: TOTAL
B65: 45015 | C65: ITEM | D65: MARCA | E65: QNT. | F65: R$ UND. | G65: DESC. | H65: TOTAL | S65: Coca 2L | U65: 9 | V65: 7.29 | X65: =U65*V65-W65 -> 65.61 | Z65: ADF comercial | AA65: Cebola | AC65: 1 | AD65: 65 | AF65: =AC65*AD65-AE65 -> 65 | AQ65: Pimentinha | AS65: 1 | AT65: 3 | AV65: =(AS65*AT65)-AU65 -> 3 | AY65: Sabao | BA65: 4 | BB65: 8.79 | BD65: =BA65*BB65-BC65 -> 35.16 | BF65: Crédito | BG65: TOTAL | BL65: =SUM(BL62:BL64) -> 1272.8167 | BO65: Papel pardo | BQ65: 1 | BR65: 12.9 | BT65: =(BQ65*BR65)-BS65 -> 12.9 | CM65: Coca mine | CO65: 6 | CP65: 11.34 | CR65: =(CO65*CP65)-CQ65 -> 68.04 | CT65: Atacadão | CU65: Pão de forma | CW65: 2 | CX65: 5.99 | CZ65: =(CW65*CX65)-CY65 -> 11.98 | DC65: Cheiro verde | DE65: 2 | DF65: 1.99 | DH65: =(DE65*DF65)-DG65 -> 3.98 | DK65: coca mine | DM65: 9 | DN65: 11.34 | DP65: =(DM65*DN65)-DO65 -> 102.06 | DR65: CEASA | DS65: Alface | DU65: 1 | DV65: 25 | DX65: =DU65*DV65-DW65 -> 25
B66: Paleta | C66: Ninho c/ nutella | E66: 20 | F66: 7.4 | H66: =E66*F66-G66 -> 148 | J66: 45020 | K66: ITEM | L66: MARCA | M66: QNT. | N66: R$ UND. | O66: DESC. | P66: TOTAL | S66: Agua | U66: 36 | V66: 1.19 | X66: =U66*V66-W66 -> 42.84 | Z66: Crédito | AA66: TOTAL | AF66: =SUM(AF65:AF65) -> 65 | AH66: 45042 | AI66: ITEM | AJ66: MARCA | AK66: QNT. | AL66: R$ UND. | AM66: DESC. | AN66: TOTAL | AQ66: Brocolis | AS66: 1 | AT66: 15 | AV66: =(AS66*AT66)-AU66 -> 15 | AY66: Leite | BA66: 1 | BB66: 56.28 | BD66: =BA66*BB66-BC66 -> 56.28 | BO66: Mexedor drink | BQ66: 2 | BR66: 4.99 | BT66: =(BQ66*BR66)-BS66 -> 9.98 | CM66: Sprite mine | CO66: 2 | CP66: 11.34 | CR66: =(CO66*CP66)-CQ66 -> 22.68 | CU66: Tempero arrisco | CW66: 3 | CX66: 4.89 | CZ66: =(CW66*CX66)-CY66 -> 14.67 | DC66: Pimenta | DE66: 0.15 | DF66: 10.9 | DH66: =(DE66*DF66)-DG66 -> 1.635 | DK66: Coca lata | DM66: 60 | DN66: 2.39 | DP66: =(DM66*DN66)-DO66 -> 143.4 | DS66: Cenoura | DU66: 1 | DV66: 100 | DX66: =DU66*DV66-DW66 -> 100
C67: Iougurte | E67: 20 | F67: 6.68 | H67: =E67*F67-G67 -> 133.6 | J67: Fortes Embalagens | K67: Embaladora Manual | M67: 1 | N67: 280 | P67: =M67*N67-O67 -> 280 | S67: Coca 600 | U67: 30 | V67: 3.69 | X67: =U67*V67-W67 -> 110.7 | AH67: Dona de casa | AI67: Coxão mole | AK67: 43.22 | AL67: 29.99 | AN67: =(AK67*AL67)-AM67 -> 1296.1678 | AQ67: Cebolinha | AS67: 1 | AT67: 5 | AV67: =(AS67*AT67)-AU67 -> 5 | AY67: batata pre frita | BA67: 6 | BB67: 21.9 | BD67: =BA67*BB67-BC67 -> 131.4 | BF67: 45064 | BG67: ITEM | BH67: MARCA | BI67: QNT. | BJ67: R$ UND. | BK67: DESC. | BL67: TOTAL | BO67: Guardanapo sache | BQ67: 1 | BR67: 113 | BT67: =(BQ67*BR67)-BS67 -> 113 | CM67: Arroz | CO67: 13 | CP67: 18.99 | CR67: =(CO67*CP67)-CQ67 -> 246.87 | CU67: Pimenta | CW67: 0.068 | CX67: 10.9 | CY67: 0.5 | CZ67: =(CW67*CX67)-CY67 -> 0.2412 | DC67: Catchup | DE67: 1 | DF67: 47.9 | DH67: =(DE67*DF67)-DG67 -> 47.9 | DK67: Guaraná 1,5 | DM67: 6 | DN67: 3.99 | DP67: =(DM67*DN67)-DO67 -> 23.94 | DS67: Chuchu | DU67: 1 | DV67: 35 | DX67: =DU67*DV67-DW67 -> 35
C68: Chocolate Premium | E68: 20 | F68: 8.37 | H68: =E68*F68-G68 -> 167.4 | K68: Garfo | M68: 1 | N68: 71.1 | P68: =M68*N68-O68 -> 71.1 | R68: Crédito | S68: TOTAL | X68: =SUM(X45:X67) -> 1056.092 | Z68: 45034 | AA68: ITEM | AB68: MARCA | AC68: QNT. | AD68: R$ UND. | AE68: DESC. | AF68: TOTAL | AH68: Crédito | AI68: TOTAL | AN68: =SUM(AN67:AN67) -> 1296.1678 | AP68: ? | AQ68: TOTAL | AV68: =SUM(AV61:AV67) -> 149 | AY68: molho tomate | BA68: 1 | BB68: 38.7 | BD68: =BA68*BB68-BC68 -> 38.7 | BF68: D' Ouro minas | BG68: Pão de queijo Trad. | BI68: 3 | BJ68: 12 | BL68: =(BI68*BJ68)-BK68 -> 36 | BN68: ? | BO68: TOTAL | BT68: =SUM(BT63:BT67) -> 237.78 | CM68: Feijão | CO68: 1 | CP68: 72.9 | CR68: =(CO68*CP68)-CQ68 -> 72.9 | CU68: Coca zero mine | CW68: 5 | CX68: 11.34 | CZ68: =(CW68*CX68)-CY68 -> 56.7 | DC68: Cebola | DE68: 2.58 | DF68: 2.99 | DG68: 0.62 | DH68: =(DE68*DF68)-DG68 -> 7.0942 | DK68: Coca 600 | DM68: 30 | DN68: 3.99 | DP68: =(DM68*DN68)-DO68 -> 119.7 | DS68: Abobrinha | DU68: 1 | DV68: 30 | DX68: =DU68*DV68-DW68 -> 30
C69: Morango c/ Leite cond | E69: 20 | F69: 7.4 | H69: =E69*F69-G69 -> 148 | K69: Faca | M69: 1 | N69: 115 | P69: =M69*N69-O69 -> 115 | Z69: CEASA | AA69: Tomate | AC69: 1 | AD69: 50 | AF69: =AC69*AD69-AE69 -> 50 | AY69: Feijão | BA69: 1 | BB69: 87.9 | BD69: =BA69*BB69-BC69 -> 87.9 | BG69: Pão de queijo Lanche | BI69: 5 | BJ69: 12 | BL69: =(BI69*BJ69)-BK69 -> 60 | CM69: Macarrão | CO69: 1 | CP69: 59.85 | CR69: =(CO69*CP69)-CQ69 -> 59.85 | CU69: Schweppes lata | CW69: 2 | CX69: 16.74 | CZ69: =(CW69*CX69)-CY69 -> 33.48 | DC69: Comp. Lacteo | DE69: 2 | DF69: 8.49 | DH69: =(DE69*DF69)-DG69 -> 16.98 | DK69: Macarrão | DM69: 20 | DN69: 1.89 | DP69: =(DM69*DN69)-DO69 -> 37.8 | DS69: Repolho | DU69: 2 | DV69: 6 | DX69: =DU69*DV69-DW69 -> 12
B70: ? | H70: =SUM(H66:H69) -> 597 | K70: PT-102 | M70: 1 | N70: 74 | P70: =M70*N70-O70 -> 74 | R70: 45030 | S70: ITEM | T70: MARCA | U70: QNT. | V70: R$ UND. | W70: DESC. | X70: TOTAL | AA70: Cenoura | AC70: 1 | AD70: 60 | AF70: =AC70*AD70-AE70 -> 60 | AH70: 45044 | AI70: ITEM | AJ70: MARCA | AK70: QNT. | AL70: R$ UND. | AM70: DESC. | AN70: TOTAL | AP70: 45050 | AQ70: ITEM | AR70: MARCA | AS70: QNT. | AT70: R$ UND. | AU70: DESC. | AV70: TOTAL | AY70: Macarrão | BA70: 1 | BB70: 69.36 | BD70: =BA70*BB70-BC70 -> 69.36 | BG70: Salgado Comum | BI70: 30 | BJ70: 3 | BL70: =(BI70*BJ70)-BK70 -> 90 | BN70: 45070 | BO70: ITEM | BP70: MARCA | BQ70: QNT. | BR70: R$ UND. | BS70: DESC. | BT70: TOTAL | CM70: Batata pre frita | CO70: 1 | CP70: 181.3 | CR70: =(CO70*CP70)-CQ70 -> 181.3 | CU70: Sprite lata | CW70: 2 | CX70: 14.34 | CZ70: =(CW70*CX70)-CY70 -> 28.68 | DC70: Limp zupp | DE70: 4 | DF70: 2.99 | DG70: 0.4 | DH70: =(DE70*DF70)-DG70 -> 11.56 | DK70: Feijão | DM70: 2 | DN70: 67.5 | DO70: 5.2 | DP70: =(DM70*DN70)-DO70 -> 129.8 | DS70: Mandioca | DU70: 6 | DV70: 5 | DX70: =DU70*DV70-DW70 -> 30
J71: ? | K71: TOTAL | P71: =SUM(P67:P70) -> 540.1 | R71: hortifruit | S71: Acelga | U71: 1 | V71: 2.99 | X71: =U71*V71-W71 -> 2.99 | AA71: Couve | AC71: 10 | AD71: 3 | AF71: =AC71*AD71-AE71 -> 30 | AH71: Prats | AI71: Laranja 300 | AK71: 1 | AL71: 41.4 | AN71: =(AK71*AL71)-AM71 -> 41.4 | AP71: Friatto | AQ71: Coxa S/coxa | AS71: 40 | AT71: 6.89 | AV71: =(AS71*AT71)-AU71 -> 275.6 | AY71: Arroz | BA71: 6 | BB71: 19.49 | BD71: =BA71*BB71-BC71 -> 116.94 | BF71: Dinheiro | BG71: TOTAL | BL71: =SUM(BL68:BL70) -> 186 | BN71: Ovo | BO71: Ovo | BQ71: 1 | BR71: 310.85 | BS71: 50.85 | BT71: =(BQ71*BR71)-BS71 -> 260 | CM71: Folha louro | CO71: 3 | CP71: 2.89 | CR71: =(CO71*CP71)-CQ71 -> 8.67 | CU71: Fanta Laranja lata | CW71: 2 | CX71: 14.34 | CZ71: =(CW71*CX71)-CY71 -> 28.68 | DC71: Tempero arisco | DE71: 6 | DF71: 4.99 | DH71: =(DE71*DF71)-DG71 -> 29.94 | DJ71: Crédito | DK71: TOTAL | DP71: =SUM(DP51:DP70) -> 997.56 | DS71: Beterraba | DU71: 1 | DV71: 35 | DX71: =DU71*DV71-DW71 -> 35
B72: 45015 | C72: ITEM | D72: MARCA | E72: QNT. | F72: R$ UND. | G72: DESC. | H72: TOTAL | S72: Cebola | U72: 1.465 | V72: 5.99 | X72: =U72*V72-W72 -> 8.77535 | AA72: Chuchu | AC72: 1 | AD72: 30 | AF72: =AC72*AD72-AE72 -> 30 | AI72: Goiaba 300 | AK72: 1 | AL72: 42 | AN72: =(AK72*AL72)-AM72 -> 42 | AQ72: file de peito | AS72: 79 | AT72: 12.35 | AV72: =(AS72*AT72)-AU72 -> 975.65 | AY72: Caldo de galinha | BA72: 1 | BB72: 16.9 | BD72: =BA72*BB72-BC72 -> 16.9 | BN72: ? | BO72: TOTAL | BT72: =SUM(BT71:BT71) -> 260 | CM72: Linguiça Calabresa | CO72: 1 | CP72: 41 | CR72: =(CO72*CP72)-CQ72 -> 41 | CU72: Coca mine | CW72: 3 | CX72: 11.34 | CZ72: =(CW72*CX72)-CY72 -> 34.02 | DC72: Sal | DE72: 4 | DF72: 1.99 | DH72: =(DE72*DF72)-DG72 -> 7.96 | DS72: Limão | DU72: 5 | DV72: 4 | DX72: =DU72*DV72-DW72 -> 20
B73: Atacadão | C73: Feijão | E73: 1 | F73: 7.49 | H73: =E73*F73-G73 -> 7.49 | J73: 45020 | K73: ITEM | L73: MARCA | M73: QNT. | N73: R$ UND. | O73: DESC. | P73: TOTAL | S73: Alface | U73: 5 | V73: 2.99 | X73: =U73*V73-W73 -> 14.95 | AA73: Abobrinha | AC73: 1 | AD73: 35 | AF73: =AC73*AD73-AE73 -> 35 | AI73: Brownie Trad | AK73: 20 | AL73: 2.8 | AN73: =(AK73*AL73)-AM73 -> 56 | AQ73: Linguiça | AS73: 20 | AT73: 14.99 | AV73: =(AS73*AT73)-AU73 -> 299.8 | AY73: Extrato elefante | BA73: 2 | BB73: 13.9 | BD73: =BA73*BB73-BC73 -> 27.8 | CM73: Recorte Cost. Suina | CO73: 4.118 | CP73: 9.5 | CR73: =(CO73*CP73)-CQ73 -> 39.121 | CU73: Pepsi lata | CW73: 12 | CX73: 2.39 | CZ73: =(CW73*CX73)-CY73 -> 28.68 | DC73: Folha de aluminio | DE73: 1 | DF73: 5.89 | DH73: =(DE73*DF73)-DG73 -> 5.89 | DJ73: 45113 | DK73: ITEM | DL73: MARCA | DM73: QNT. | DN73: R$ UND. | DO73: DESC. | DP73: TOTAL | DS73: Batata | DU73: 10 | DV73: 4 | DX73: =DU73*DV73-DW73 -> 40
C74: Costela | E74: 6.618 | F74: 16.8 | H74: =E74*F74-G74 -> 111.1824 | J74: Spres | K74: Spres 300 | M74: 24 | N74: 2.98 | P74: =M74*N74-O74 -> 71.52 | R74: ? | S74: TOTAL | X74: =SUM(X71:X73) -> 26.71535 | AA74: Alho Desc | AC74: 4 | AD74: 13 | AF74: =AC74*AD74-AE74 -> 52 | AI74: Brownie DL | AK74: 16 | AL74: 4 | AN74: =(AK74*AL74)-AM74 -> 64 | AP74: ? | AQ74: TOTAL | AV74: =SUM(AV71:AV73) -> 1551.05 | AX74: Crédito | AY74: TOTAL | BD74: =SUM(BD49:BD73) -> 918.99 | BN74: 45071 | BO74: ITEM | BP74: MARCA | BQ74: QNT. | BR74: R$ UND. | BS74: DESC. | BT74: TOTAL | CM74: Costela Suina | CO74: 4.266 | CP74: 16.9 | CR74: =(CO74*CP74)-CQ74 -> 72.0954 | CU74: Coca lata | CW74: 36 | CX74: 2.29 | CY74: 3.6 | CZ74: =(CW74*CX74)-CY74 -> 78.84 | DC74: Cebola | DE74: 1.965 | DF74: 2.99 | DG74: 0.48 | DH74: =(DE74*DF74)-DG74 -> 5.39535 | DJ74: Levo | DK74: Batata | DM74: 36 | DN74: 10.99 | DP74: =(DM74*DN74)-DO74 -> 395.64 | DS74: Pepino | DU74: 2 | DV74: 6 | DX74: =DU74*DV74-DW74 -> 12
B75: Crédito | C75: TOTAL | H75: =SUM(H73:H74) -> 118.6724 | K75: Spres 900 | M75: 12 | N75: 6.88 | P75: =M75*N75-O75 -> 82.56 | AA75: Beterraba | AC75: 1 | AD75: 30 | AF75: =AC75*AD75-AE75 -> 30 | AI75: Brownie Avela | AK75: 1 | AL75: 160 | AN75: =(AK75*AL75)-AM75 -> 160 | BN75: Levo | BO75: Coxa S/coxa | BQ75: 18 | BR75: 6.6 | BT75: =(BQ75*BR75)-BS75 -> 118.8 | CM75: Pimenta | CO75: 0.19 | CP75: 10.9 | CR75: =(CO75*CP75)-CQ75 -> 2.071 | CU75: Coca lata | CW75: 36 | CX75: 2.45 | CY75: 2.16 | CZ75: =(CW75*CX75)-CY75 -> 86.04 | DC75: Catchup | DE75: 1 | DF75: 12.99 | DH75: =(DE75*DF75)-DG75 -> 12.99 | DK75: Coxa S/coxa | DM75: 18 | DN75: 5.98 | DP75: =(DM75*DN75)-DO75 -> 107.64 | DS75: Couve | DU75: 5 | DV75: 3 | DX75: =DU75*DV75-DW75 -> 15
J76: ? | K76: TOTAL | P76: =SUM(P74:P75) -> 154.08 | AA76: Alface | AC76: 1 | AD76: 40 | AF76: =AC76*AD76-AE76 -> 40 | AI76: Brownie MA | AK76: 15 | AL76: 4 | AN76: =(AK76*AL76)-AM76 -> 60 | AP76: 45050 | AQ76: ITEM | AR76: MARCA | AS76: QNT. | AT76: R$ UND. | AU76: DESC. | AV76: TOTAL | AX76: 45055 | AY76: ITEM | AZ76: MARCA | BA76: QNT. | BB76: R$ UND. | BC76: DESC. | BD76: TOTAL | BO76: Filé de peito | BQ76: 54 | BR76: 11.6 | BT76: =(BQ76*BR76)-BS76 -> 626.4 | CM76: Catchup | CO76: 1 | CP76: 12.89 | CR76: =(CO76*CP76)-CQ76 -> 12.89 | CU76: Pepsi zero | CW76: 12 | CX76: 2.19 | CZ76: =(CW76*CX76)-CY76 -> 26.28 | DC76: Linguiça | DE76: 6 | DF76: 39.9 | DH76: =(DE76*DF76)-DG76 -> 239.4 | DK76: Filé de peito | DM76: 18 | DN76: 10.98 | DP76: =(DM76*DN76)-DO76 -> 197.64 | DS76: Pimenta cheiro | DU76: 1 | DV76: 15 | DX76: =DU76*DV76-DW76 -> 15
B77: 45015 | C77: ITEM | D77: MARCA | E77: QNT. | F77: R$ UND. | G77: DESC. | H77: TOTAL | AA77: Cebolinha | AC77: 1 | AD77: 10 | AF77: =AC77*AD77-AE77 -> 10 | AI77: Brownie MM | AK77: 20 | AL77: 4 | AN77: =(AK77*AL77)-AM77 -> 80 | AP77: Levo | AQ77: File mignom | AS77: 10 | AT77: 15.98 | AV77: =(AS77*AT77)-AU77 -> 159.8 | AX77: Dist. Coelho | AY77: Cenoura | BA77: 1 | BB77: 60 | BD77: =(BA77*BB77)-BC77 -> 60 | BN77: ? | BO77: TOTAL | BT77: =SUM(BT75:BT76) -> 745.2 | CM77: Sabao em po | CO77: 1 | CP77: 13.49 | CR77: =(CO77*CP77)-CQ77 -> 13.49 | CU77: Leite | CW77: 1 | CX77: 52.68 | CZ77: =(CW77*CX77)-CY77 -> 52.68 | DC77: Batata palha | DE77: 5 | DF77: 21.98 | DH77: =(DE77*DF77)-DG77 -> 109.9 | DJ77: ? | DK77: TOTAL | DP77: =SUM(DP74:DP76) -> 700.92 | DS77: Alho Desc | DU77: 3 | DV77: 13 | DX77: =DU77*DV77-DW77 -> 39
B78: Sobradinho Carnes | C78: Carne de sol | E78: 8.734 | F78: 27.99 | H78: =(E78*F78)-G78 -> 244.46466 | Z78: ? | AA78: TOTAL | AF78: =SUM(AF69:AF77) -> 337 | AI78: Brownie Cookie | AK78: 20 | AL78: 4 | AN78: =(AK78*AL78)-AM78 -> 80 | AP78: ? | AQ78: TOTAL | AV78: =SUM(AV77:AV77) -> 159.8 | AY78: Tomate | BA78: 1 | BB78: 70 | BD78: =(BA78*BB78)-BC78 -> 70 | CM78: Detergente | CO78: 1 | CP78: 27.5 | CR78: =(CO78*CP78)-CQ78 -> 27.5 | CU78: Agua | CW78: 24 | CX78: 1.19 | CZ78: =(CW78*CX78)-CY78 -> 28.56 | DC78: Oleo | DE78: 1 | DF78: 96.9 | DH78: =(DE78*DF78)-DG78 -> 96.9 | DS78: Cebolinha | DU78: 5 | DV78: 3 | DX78: =DU78*DV78-DW78 -> 15
B79: Crédito | C79: TOTAL | H79: =SUM(H78:H78) -> 244.46466 | AH79: ? | AI79: TOTAL | AN79: =SUM(AN71:AN78) -> 583.4 | AY79: Chuchu | BA79: 1 | BB79: 35 | BD79: =(BA79*BB79)-BC79 -> 35 | BN79: 45072 | BO79: ITEM | BP79: MARCA | BQ79: QNT. | BR79: R$ UND. | BS79: DESC. | BT79: TOTAL | CM79: Qboa | CO79: 1 | CP79: 13.75 | CR79: =(CO79*CP79)-CQ79 -> 13.75 | CU79: Coca 2L | CW79: 9 | CX79: 5.99 | CZ79: =(CW79*CX79)-CY79 -> 53.91 | DC79: Guarana lata | DE79: 1 | DF79: 34.35 | DH79: =(DE79*DF79)-DG79 -> 34.35 | DS79: Cheiro verde | DU79: 2 | DV79: 3 | DX79: =DU79*DV79-DW79 -> 6
J80: 45024 | K80: ITEM | L80: MARCA | M80: QNT. | N80: R$ UND. | O80: DESC. | P80: TOTAL | Z80: 45035 | AA80: ITEM | AB80: MARCA | AC80: QNT. | AD80: R$ UND. | AE80: DESC. | AF80: TOTAL | AP80: 45050 | AQ80: ITEM | AR80: MARCA | AS80: QNT. | AT80: R$ UND. | AU80: DESC. | AV80: TOTAL | AY80: Acelga | BA80: 3 | BB80: 4 | BD80: =(BA80*BB80)-BC80 -> 12 | BN80: Friato | BO80: Linguiça de frango | BQ80: 20 | BR80: 14.99 | BT80: =(BQ80*BR80)-BS80 -> 299.8 | CM80: Sal | CO80: 4 | CP80: 1.99 | CR80: =(CO80*CP80)-CQ80 -> 7.96 | CU80: Coca zero 2L | CW80: 9 | CX80: 7.69 | CZ80: =(CW80*CX80)-CY80 -> 69.21 | DC80: Açucar | DE80: 3 | DF80: 16.99 | DH80: =(DE80*DF80)-DG80 -> 50.97 | DS80: Cebola | DU80: 1 | DV80: 75 | DX80: =DU80*DV80-DW80 -> 75
B81: 45015 | C81: ITEM | D81: MARCA | E81: QNT. | F81: R$ UND. | G81: DESC. | H81: TOTAL | J81: Friatto | K81: Coxa S/coxa | M81: 20 | N81: 7.5 | P81: =M81*N81-O81 -> 150 | Z81: Prats | AA81: Brownie Trad | AC81: 15 | AD81: 2.8 | AF81: =AC81*AD81-AE81 -> 42 | AH81: 45042 | AI81: ITEM | AJ81: MARCA | AK81: QNT. | AL81: R$ UND. | AM81: DESC. | AN81: TOTAL | AP81: Atacadão | AQ81: Couve | AS81: 11 | AT81: 1.99 | AV81: =AS81*AT81-AU81 -> 21.89 | AY81: Couve | BA81: 1 | BB81: 25 | BD81: =(BA81*BB81)-BC81 -> 25 | BN81: ? | BO81: TOTAL | BT81: =SUM(BT80:BT80) -> 299.8 | CM81: Pão de forma | CO81: 3 | CP81: 5.99 | CR81: =(CO81*CP81)-CQ81 -> 17.97 | CU81: Coca 600 | CW81: 15 | CX81: 4.54 | CY81: 4.77 | CZ81: =(CW81*CX81)-CY81 -> 63.33 | DC81: Leite | DE81: 2 | DF81: 50.28 | DH81: =(DE81*DF81)-DG81 -> 100.56 | DS81: Laranja | DU81: 1 | DV81: 40 | DX81: =DU81*DV81-DW81 -> 40
B82: Prats | C82: Laranja 300 | E82: 1 | F82: 41.4 | H82: =E82*F82-G82 -> 41.4 | K82: File de peito | M82: 19.5 | N82: 11.69 | P82: =M82*N82-O82 -> 227.955 | AA82: Brownie DL | AC82: 10 | AD82: 4 | AF82: =AC82*AD82-AE82 -> 40 | AH82: estaçaõ dos frios | AI82: Mussarela | AK82: 4.086 | AL82: 36.9 | AN82: =(AK82*AL82)-AM82 -> 150.7734 | AQ82: Farinha mand | AS82: 10 | AT82: 7.29 | AV82: =AS82*AT82-AU82 -> 72.9 | AY82: Cebolinha | BA82: 10 | BB82: 3 | BD82: =(BA82*BB82)-BC82 -> 30 | CM82: Extrato elefante | CO82: 1 | CP82: 21.85 | CR82: =(CO82*CP82)-CQ82 -> 21.85 | CU82: Guarana lata | CW82: 1 | CX82: 34.35 | CZ82: =(CW82*CX82)-CY82 -> 34.35 | DC82: Molho de tomate | DE82: 1 | DF82: 38.08 | DH82: =(DE82*DF82)-DG82 -> 38.08 | DR82: dinheiro | DS82: TOTAL | DX82: =SUM(DX65:DX81) -> 544
C83: Doce de leite | E83: 1 | F83: 25 | H83: =E83*F83-G83 -> 25 | K83: File de peito | M83: 60 | N83: 11.69 | P83: =M83*N83-O83 -> 701.4 | AA83: Brownie Avela | AC83: 1 | AD83: 160 | AF83: =AC83*AD83-AE83 -> 160 | AI83: Presunto | AK83: 2.048 | AL83: 23.5 | AN83: =(AK83*AL83)-AM83 -> 48.128 | AQ83: Sprite lata | AS83: 1 | AT83: 13.74 | AV83: =AS83*AT83-AU83 -> 13.74 | AY83: Alho | BA83: 3 | BB83: 12 | BD83: =(BA83*BB83)-BC83 -> 36 | CM83: Refresco | CO83: 3 | CP83: 5.49 | CR83: =(CO83*CP83)-CQ83 -> 16.47 | CT83: Crédito | CU83: TOTAL | CZ83: =SUM(CZ65:CZ82) -> 730.3312 | DC83: Oleo | DE83: 3 | DF83: 28.74 | DH83: =(DE83*DF83)-DG83 -> 86.22
B84: ? | C84: TOTAL | H84: =SUM(H82:H83) -> 66.4 | K84: Linguiça de frango | M84: 20 | N84: 14.99 | P84: =M84*N84-O84 -> 299.8 | AA84: Brownie MA | AC84: 20 | AD84: 4 | AF84: =AC84*AD84-AE84 -> 80 | AH84: Crédito | AI84: TOTAL | AN84: =SUM(AN82:AN83) -> 198.9014 | AQ84: Fanta laranja lata | AS84: 1 | AT84: 13.74 | AV84: =AS84*AT84-AU84 -> 13.74 | AY84: Repolho | BA84: 3 | BB84: 6 | BD84: =(BA84*BB84)-BC84 -> 18 | CM84: Amido | CO84: 1 | CP84: 5.99 | CR84: =(CO84*CP84)-CQ84 -> 5.99 | DC84: Pão de forma | DE84: 5 | DF84: 5.99 | DH84: =(DE84*DF84)-DG84 -> 29.95 | DR84: 45120 | DS84: ITEM | DT84: MARCA | DU84: QNT. | DV84: R$ UND. | DW84: DESC. | DX84: TOTAL
J85: ? | K85: TOTAL | P85: =SUM(P81:P84) -> 1379.155 | AA85: Brownie MM | AC85: 20 | AD85: 4 | AF85: =AC85*AD85-AE85 -> 80 | AQ85: Schweppes lata | AS85: 1 | AT85: 16.74 | AV85: =AS85*AT85-AU85 -> 16.74 | AY85: Crespa | BA85: 1 | BB85: 35 | BD85: =(BA85*BB85)-BC85 -> 35 | CM85: Tempero arrisco | CO85: 2 | CP85: 4.89 | CR85: =(CO85*CP85)-CQ85 -> 9.78 | DC85: Arroz | DE85: 6 | DF85: 19.99 | DG85: 6 | DH85: =(DE85*DF85)-DG85 -> 113.94 | DR85: Finos salgados | DS85: Salgados | DU85: 65 | DV85: 2.75 | DX85: =(DU85*DV85)-DW85 -> 178.75
AA86: Brownie Cookies | AC86: 20 | AD86: 4 | AF86: =AC86*AD86-AE86 -> 80 | AQ86: Oleo | AS86: 1 | AT86: 125.8 | AV86: =AS86*AT86-AU86 -> 125.8 | BA86: 1 | BB86: 45 | BD86: =(BA86*BB86)-BC86 -> 45 | CM86: Flocao | CO86: 5 | CP86: 1.79 | CQ86: 0.5 | CR86: =(CO86*CP86)-CQ86 -> 8.45 | DC86: Ovo | DE86: 1 | DF86: 239 | DH86: =(DE86*DF86)-DG86 -> 239 | DR86: Dinheiro | DS86: TOTAL | DX86: =SUM(DX85:DX85) -> 178.75
AA87: Brownie Nozes | AC87: 5 | AD87: 4 | AF87: =AC87*AD87-AE87 -> 20 | AQ87: Cha matte | AS87: 24 | AT87: 3.29 | AV87: =AS87*AT87-AU87 -> 78.96 | AX87: ? | AY87: TOTAL | BD87: =SUM(BD77:BD86) -> 366 | CM87: Coxa s/coxa | CO87: 2 | CP87: 137.8 | CR87: =(CO87*CP87)-CQ87 -> 275.6 | DB87: Crédito | DC87: TOTAL | DH87: =SUM(DH64:DH86) -> 1297.7146
AA88: Cocada | AC88: 1 | AD88: 24 | AF88: =AC88*AD88-AE88 -> 24 | AQ88: Pão de forma | AS88: 4 | AT88: 5.49 | AV88: =AS88*AT88-AU88 -> 21.96 | CM88: Polvilho | CO88: 3 | CP88: 8.39 | CR88: =(CO88*CP88)-CQ88 -> 25.17 | DR88: 45120 | DS88: ITEM | DT88: MARCA | DU88: QNT. | DV88: R$ UND. | DW88: DESC. | DX88: TOTAL
AA89: Prats Laranja | AC89: 1 | AD89: 41.4 | AF89: =AC89*AD89-AE89 -> 41.4 | AQ89: Costela Suina | AS89: 7.066 | AT89: 15.9 | AV89: =AS89*AT89-AU89 -> 112.3494 | AX89: 45055 | AY89: ITEM | AZ89: MARCA | BA89: QNT. | BB89: R$ UND. | BC89: DESC. | BD89: TOTAL | CM89: Monster | CO89: 2 | CP89: 6.95 | CR89: =(CO89*CP89)-CQ89 -> 13.9 | DB89: 45107 | DC89: ITEM | DD89: MARCA | DE89: QNT. | DF89: R$ UND. | DG89: DESC. | DH89: TOTAL | DR89: Levo | DS89: Batata | DU89: 36 | DV89: 10.99 | DX89: =(DU89*DV89)-DW89 -> 395.64
Z90: Pix | AA90: TOTAL | AF90: =SUM(AF81:AF89) -> 567.4 | AQ90: Recorte Cost. Suina | AS90: 2.13 | AT90: 9.9 | AV90: =AS90*AT90-AU90 -> 21.087 | AX90: Fortes Embalagens | AY90: PT 102 | BA90: 1 | BB90: 38 | BD90: =(BA90*BB90)-BC90 -> 38 | CM90: Papel | CO90: 1 | CP90: 47.87 | CR90: =(CO90*CP90)-CQ90 -> 47.87 | DB90: Finos salgados | DC90: Salgados | DE90: 65 | DF90: 2.75 | DH90: =(DE90*DF90)-DG90 -> 178.75 | DR90: ? | DS90: TOTAL | DX90: =SUM(DX89:DX89) -> 395.64
AQ91: Manteiga | AS91: 1 | AT91: 22.9 | AV91: =AS91*AT91-AU91 -> 22.9 | AY91: Mascara | BA91: 1 | BB91: 10.99 | BD91: =(BA91*BB91)-BC91 -> 10.99 | CL91: Crédito | CM91: TOTAL | CR91: =SUM(CR60:CR90) -> 1662.5174 | DB91: Dinheiro | DC91: TOTAL | DH91: =SUM(DH90:DH90) -> 178.75
Z92: 45035 | AA92: ITEM | AB92: MARCA | AC92: QNT. | AD92: R$ UND. | AE92: DESC. | AF92: TOTAL | AP92: Crédito | AQ92: TOTAL | AV92: =SUM(AV81:AV91) -> 522.0664 | AY92: H-1 | BA92: 1 | BB92: 16 | BD92: =(BA92*BB92)-BC92 -> 16 | DR92: 45120 | DS92: ITEM | DT92: MARCA | DU92: QNT. | DV92: R$ UND. | DW92: DESC. | DX92: TOTAL
Z93: Brasal | AA93: Schweppes lata | AC93: 2 | AD93: 18.565 | AF93: =(AC93*AD93)-AE93 -> 37.13 | AY93: H-002 | BA93: 1 | BB93: 25.5 | BD93: =(BA93*BB93)-BC93 -> 25.5 | CL93: 45092 | CM93: ITEM | CN93: MARCA | CO93: QNT. | CP93: R$ UND. | CQ93: DESC. | CR93: TOTAL | DB93: 45107 | DC93: ITEM | DD93: MARCA | DE93: QNT. | DF93: R$ UND. | DG93: DESC. | DH93: TOTAL | DR93: D' Ouro minas | DS93: Pão de queijo Trad. | DU93: 10 | DV93: 12 | DX93: =(DU93*DV93)-DW93 -> 120
AA94: Schweppes mine | AC94: 2 | AD94: 12.215 | AF94: =(AC94*AD94)-AE94 -> 24.43 | AP94: 45050 | AQ94: ITEM | AR94: MARCA | AS94: QNT. | AT94: R$ UND. | AU94: DESC. | AV94: TOTAL | AX94: ? | AY94: TOTAL | BD94: =SUM(BD90:BD93) -> 90.49 | CL94: Friato | CM94: Linguiça de frango | CO94: 20 | CP94: 14.99 | CR94: =(CO94*CP94)-CQ94 -> 299.8 | DB94: D' Ouro minas | DC94: Pão de queijo Lanche | DE94: 5 | DF94: 12 | DH94: =(DE94*DF94)-DG94 -> 60 | DS94: Pão de queijo Lanche | DU94: 5 | DV94: 12 | DX94: =(DU94*DV94)-DW94 -> 60
AA95: Coca mine | AC95: 3 | AD95: 12.1667 | AF95: =(AC95*AD95)-AE95 -> 36.5001 | AP95: estaçaõ dos frios | AQ95: Mussarela | AS95: 5.096 | AT95: 36.9 | AV95: =(AS95*AT95)-AU95 -> 188.0424 | CL95: ? | CM95: TOTAL | CR95: =SUM(CR94:CR94) -> 299.8 | DC95: Salgado Comum | DE95: 30 | DF95: 3 | DH95: =(DE95*DF95)-DG95 -> 90 | DS95: Salgado Comum | DU95: 30 | DV95: 3 | DX95: =(DU95*DV95)-DW95 -> 90
AA96: Coca 600 | AC96: 1 | AD96: 59.63 | AF96: =(AC96*AD96)-AE96 -> 59.63 | AQ96: Presunto | AS96: 2.35 | AT96: 23.5 | AV96: =(AS96*AT96)-AU96 -> 55.225 | AX96: 45056 | AY96: ITEM | AZ96: MARCA | BA96: QNT. | BB96: R$ UND. | BC96: DESC. | BD96: TOTAL | DB96: Dinheiro | DC96: TOTAL | DH96: =SUM(DH94:DH95) -> 150 | DR96: Dinheiro | DS96: TOTAL | DX96: =SUM(DX93:DX95) -> 270
AA97: Fanta Lar mine | AC97: 3 | AD97: 10.76 | AF97: =(AC97*AD97)-AE97 -> 32.28 | AP97: Crédito | AQ97: TOTAL | AV97: =SUM(AV95:AV96) -> 243.2674 | AX97: Pão de mel | AY97: Pão de mel | BA97: 20 | BB97: 2.8 | BD97: =(BA97*BB97)-BC97 -> 56 | CL97: 45092 | CM97: ITEM | CN97: MARCA | CO97: QNT. | CP97: R$ UND. | CQ97: DESC. | CR97: TOTAL
AA98: Fanta Lar 600 | AC98: 3 | AD98: 25.07 | AF98: =(AC98*AD98)-AE98 -> 75.21 | AX98: ? | AY98: TOTAL | BD98: =SUM(BD97:BD97) -> 56 | CL98: Distribuidora Sena | CM98: Freegels | CO98: 6 | CP98: 8.26 | CR98: =CO98*CP98-CQ98 -> 49.56 | DB98: 31/06 | DC98: ITEM | DD98: MARCA | DE98: QNT. | DF98: R$ UND. | DG98: DESC. | DH98: TOTAL | DR98: 45079 | DS98: ITEM | DT98: MARCA | DU98: QNT. | DV98: R$ UND. | DW98: DESC. | DX98: TOTAL
AA99: Coca z mine | AC99: 8 | AD99: 12.075 | AF99: =(AC99*AD99)-AE99 -> 96.6 | CM99: Trident | CO99: 7 | CP99: 38.81 | CR99: =CO99*CP99-CQ99 -> 271.67 | DB99: C A dos Santos | DC99: Dobradica com mola | DE99: 2 | DF99: 64 | DH99: =(DE99*DF99)-DG99 -> 128 | DR99: Prats | DS99: Uva 300 | DU99: 1 | DV99: 48 | DX99: =(DU99*DV99)-DW99 -> 48
AA100: Coca z 600 | AC100: 4 | AD100: 74.5475 | AF100: =(AC100*AD100)-AE100 -> 298.19 | AX100: 45056 | AY100: ITEM | AZ100: MARCA | BA100: QNT. | BB100: R$ UND. | BC100: DESC. | BD100: TOTAL | CM100: Cocada | CO100: 1 | CP100: 69 | CR100: =CO100*CP100-CQ100 -> 69 | DB100: ? | DC100: TOTAL | DH100: =SUM(DH99:DH99) -> 128 | DS100: Goiaba 300 | DU100: 1 | DV100: 42 | DX100: =(DU100*DV100)-DW100 -> 42
AA101: Fanta uva mine | AC101: 3 | AD101: 25.07 | AF101: =(AC101*AD101)-AE101 -> 75.21 | AX101: Prats | AY101: Laranja 300 | BA101: 1 | BB101: 41.4 | BD101: =(BA101*BB101)-BC101 -> 41.4 | CM101: Bala coffee | CO101: 1 | CP101: 12.77 | CR101: =CO101*CP101-CQ101 -> 12.77 | DS101: Laranja C/ acerola 300 | DU101: 1 | DV101: 42 | DX101: =(DU101*DV101)-DW101 -> 42
...
